InstitutionName,"Rank (Academia, Academia)","Rank (Accounting, Field)","Rank (Aerospace Engineering, Field)","Rank (Agricultural Economics, Field)","Rank (Agricultural Engineering, Field)","Rank (Agronomy, Field)","Rank (Animal Sciences, Field)","Rank (Anthropology, Field)","Rank (Architecture, Field)","Rank (Art History and Criticism, Field)","Rank (Astronomy, Field)","Rank (Atmospheric Sciences and Meteorology, Field)","Rank (Biochemistry, Field)","Rank (Biological Sciences, General, Field)","Rank (Biomedical Engineering, Field)","Rank (Biostatistics, Field)","Rank (Cell Biology, Field)","Rank (Chemical Engineering, Field)","Rank (Chemistry, Field)","Rank (Civil Engineering, Field)","Rank (Classics and Classical Languages, Field)","Rank (Communication Disorders and Sciences, Field)","Rank (Computer Engineering, Field)","Rank (Computer Science, Field)","Rank (Curriculum and Instruction, Field)","Rank (Ecology, Field)","Rank (Economics, General, Field)","Rank (Education Administration, Field)","Rank (Education, General, Field)","Rank (Educational Psychology, Field)","Rank (Electrical Engineering, Field)","Rank (English Language and Literature, Field)","Rank (Entomology, Field)","Rank (Environmental Engineering, Field)","Rank (Environmental Health Sciences, Field)","Rank (Environmental Sciences, Field)","Rank (Epidemiology, Field)","Rank (Exercise Science, Kinesiology, Rehab, Health, Field)","Rank (Finance, Field)","Rank (Food Science, Field)","Rank (Forestry and Forest Resources, Field)","Rank (Geography, Field)","Rank (Geology, Field)","Rank (Health, Physical Education, Recreation, Field)","Rank (History, Field)","Rank (Human Development and Family Sciences, General, Field)","Rank (Industrial Engineering, Field)","Rank (Information Science, Field)","Rank (Linguistics, Field)","Rank (Management, Field)","Rank (Marketing, Field)","Rank (Materials Engineering, Field)","Rank (Mathematics, Field)","Rank (Mechanical Engineering, Field)","Rank (Microbiology, Field)","Rank (Music, General, Field)","Rank (Natural Resources, Field)","Rank (Neuroscience, Field)","Rank (Nursing, Field)","Rank (Nutrition Sciences, Field)","Rank (Pathology, Field)","Rank (Pharmacology, Field)","Rank (Pharmacy, Field)","Rank (Philosophy, Field)","Rank (Physics, General, Field)","Rank (Physiology, Field)","Rank (Plant Pathology, Field)","Rank (Political Science, Field)","Rank (Psychology, General, Field)","Rank (Public Health, Field)","Rank (Religious Studies, Field)","Rank (Social Work, Field)","Rank (Sociology, Field)","Rank (Soil Science, Field)","Rank (Spanish Language and Literature, Field)","Rank (Special Education, Field)","Rank (Statistics, Field)","Rank (Teacher Education Specific Subjects, Field)","Rank (Theatre Literature, History and Criticism, Field)","Rank (Theological Studies, Field)","Rank (Urban and Regional Planning, Field)","Rank (Veterinary Medical Sciences, Field)"
Air Force Institute of Technology,326,,52.0,,,,,,,,,,,,,,,,,,,,108.0,,,,,,,,168.0,,,,,,,,,,,,,,,,,,,,,,195.0,,,,,,,,,,,,,,,,,,,,,,,,106.0,,,,,
Alabama A&M University,306,,,,,,50.0,,,,,,,197.0,,,,,,,,,,,,,,,,,,,,,,,,,,43.0,,,,,,,,,,,,,,,,,,,,,,,,,178.0,,,,,,,,,,,,,,,,,
Alabama State University,356,,,,,,,,,,,,,196.0,,,,,,,,,,,,,,,,,,,,,,,,,,,,,,,,,,,,,,,,,,,,,,,,,,,,,,,,,,,,,,,,,,,,
Albert Einstein College of Medicine of Yeshiva University,72,,,,,,,,,,,,19.0,,,,18.0,,,,,,,,,,,,,,,,,,,,53.0,,,,,,,,,,,,,,,,,,29.0,,,31.0,,,64.0,18.0,,,,12.0,,,,75.0,,,,,,,,,,,,
Alfred University,63,,,,,,,,,,,,,,,,,,,,,,,,,,,,,,,,,,,,,,,,,,,,,,,,,,,,,,,,,,,,,,,,,,,,,,,,,,,,,,,,,
Alliant International University,310,,,,,,,,,,,,,,,,,,,,,,,,,,,,,,,,,,,,,,,,,,,,,,,,,107.0,,,,,,,,,,,,,,,,,,,194.0,,,,,,,,,,,,,
American University,165,128.0,,,,,,50.0,,,,,,160.0,,,,,95.0,,,,,198.0,80.0,,67.0,,56.0,,,,,,,59.0,,119.0,87.0,,,,,,97.0,,,,,93.0,66.0,,192.0,,,,,,,,,,,163.0,114.0,,,52.0,116.0,,38.0,,55.0,,,,91.0,51.0,,,,
Andrews University,314,,,,,,,,,,,,,,,,,,,,,,,,99.0,,,81.0,,3.0,,,,,,,,,,,,,,,,,,,,,,,,,,,,,,,,,,,,,,,,,,,,,,,,,,41.0,,
Antioch University New England,339,,,,,,,,,,,,,,,,,,,,,,,,,,,,,,,,,,,,,,,,,,,,,,,,,,,,,,,,,,,,,,,,,,,,237.0,,,,,,,,,,,,,
Arizona State University,105,21.0,,,48.0,,,28.0,24.0,55.0,60.0,27.0,119.0,67.0,36.0,,,74.0,117.0,48.0,,,46.0,76.0,,,81.0,47.0,26.0,13.0,61.0,105.0,,,,,,25.0,29.0,,,24.0,50.0,26.0,109.0,26.0,26.0,,,32.0,26.0,52.0,121.0,49.0,,44.0,15.0,,68.0,55.0,,,,120.0,54.0,,,87.0,51.0,,78.0,38.0,91.0,,42.0,,57.0,8.0,45.0,,28.0,
Arkansas State University,327,,,,,,,,,,,,,194.0,,,,,,,,,,,,,,,,,,,,,,,,,,,,,,,200.0,,,,,,,,,,,,,,,,,,,,,,,,,,,,,,,,,,,,,
Asbury Theological Seminary,346,,,,,,,,,,,,,,,,,,,,,,,,,,,,,,,,,,,,,,,,,,,,,,,,,,,,,,,,,,,,,,,,,,,,,,,,,,,,,,,38.0,,
Auburn University,225,123.0,36.0,28.0,47.0,20.0,37.0,168.0,60.0,105.0,,,151.0,90.0,,,,57.0,140.0,67.0,,62.0,75.0,92.0,56.0,,149.0,94.0,,,69.0,179.0,23.0,,,48.0,,68.0,90.0,,20.0,89.0,157.0,,144.0,27.0,41.0,,,64.0,70.0,,151.0,107.0,,125.0,,,118.0,42.0,,,31.0,111.0,136.0,,19.0,181.0,125.0,,,120.0,181.0,26.0,,22.0,92.0,,,,,26.0
Augusta University,160,,,,,,,,,,,,126.0,,,,85.0,,,,,,,,,,,,,,,,,,,,,,,,,,,,,,,,,,,,,,,,,,65.0,,,76.0,,,,77.0,,,,,,,,,,,,,,,,
Ave Maria University,357,,,,,,,,,,,,,,,,,,,,,,,,,,,,,,,,,,,,,,,,,,,,,,,,,,,,,,,,,,,,,,,,,,,,,,,,,,,,,,,39.0,,
Azusa Pacific University,324,,,,,,,,,,,,,,,,,,,,,,,,,,,,,,,,,,,,,,,,,,,,,,,,,,,,,,,,,,112.0,,,,,,,,,,,,,,,,,,,,,,,
Ball State University,320,129.0,,,,,,151.0,63.0,109.0,91.0,,,193.0,,,,,208.0,,90.0,,,193.0,,,159.0,41.0,46.0,38.0,,189.0,,,,,,62.0,130.0,,,93.0,153.0,37.0,168.0,,,,,141.0,126.0,,209.0,,,85.0,45.0,,104.0,67.0,,,,174.0,207.0,105.0,,183.0,191.0,,91.0,121.0,152.0,,,48.0,,,81.0,,40.0,
Barry University,329,,,,,,,,,,,,,,,,,,,,,,,,,,,,71.0,,,,,,,,,101.0,,,,,,51.0,,,,,,,,,,,,,,,7.0,,,,,,,,,,,,,69.0,,,,,,,,,,
Baruch College (CUNY),252,,,,,,,125.0,,66.0,,,,140.0,,,,,166.0,,,,,,,,131.0,,,,,126.0,,,,,,,57.0,,,,,,107.0,,,,,105.0,76.0,,108.0,,,,,,,,,,,99.0,164.0,,,103.0,175.0,,,,110.0,,,,93.0,,,,,
Baylor College of Medicine,116,,,,,,,,,,,,28.0,,,,45.0,,,,,,,,,,,,,,,,,,,,,134.0,,,,,,,,,,,,,,,,,76.0,,,33.0,,,71.0,46.0,,,,21.0,,,,,,,,,,,,,,,,
Baylor University,315,90.0,,,,,,138.0,,,,,142.0,184.0,,,,,181.0,,64.0,49.0,133.0,179.0,88.0,,148.0,62.0,,47.0,172.0,156.0,,,,9.0,,98.0,76.0,,,,129.0,46.0,184.0,,,,,129.0,114.0,,158.0,154.0,,74.0,,70.0,132.0,,,,,128.0,127.0,,,158.0,148.0,,86.0,111.0,140.0,,61.0,,108.0,40.0,,28.0,,
Bentley University,282,82.0,,,,,,,,,,,,,,,,,,,,,,,,,,,,,,,,,,,,,,,,,,,,,,,,,117.0,,,,,,,,,,,,,,,,,,,,,,,,,,,,,,,
"Binghamton University, State University of New York",136,101.0,,,68.0,,,49.0,,53.0,78.0,,,110.0,70.0,,,,106.0,,,,71.0,121.0,,,84.0,,52.0,,116.0,53.0,,,,73.0,,,94.0,,,53.0,99.0,,51.0,,59.0,,,118.0,88.0,72.0,83.0,127.0,,,,67.0,88.0,,,,,98.0,141.0,,,49.0,93.0,,,,26.0,,,,,,,,,
Biola University,353,,,,,,,,,,,,,,,,,,,,,,,,,,,,,,,,,,,,,,,,,,,,,,,,,,,,,,,,,,,,,,,,,,,,205.0,,,,,,,,,,,40.0,,
Boise State University,297,,,,,,,,,,,,,,,,,,,,,,113.0,,,,,,,,152.0,,,,,,,,,,,,118.0,,,,,,,,,,,,,,,,,,,,,,,,,,,,,,,,,,,,,,,
Boston College,85,69.0,,,,,,,,59.0,,,,139.0,,,,,50.0,,57.0,,,54.0,29.0,,39.0,42.0,,35.0,,70.0,,,,62.0,,,11.0,,,,,,68.0,,,44.0,,42.0,71.0,,54.0,,,42.0,,,38.0,,,,,47.0,98.0,,,46.0,66.0,,,37.0,67.0,,,37.0,,,51.0,11.0,,
Boston University,62,27.0,,,,,,69.0,,23.0,39.0,,48.0,42.0,12.0,30.0,,,32.0,,37.0,,24.0,39.0,2.0,,25.0,,9.0,,40.0,32.0,,,19.0,37.0,33.0,13.0,21.0,,,26.0,,,42.0,,,6.0,,,37.0,48.0,48.0,63.0,78.0,50.0,,25.0,,,35.0,51.0,,52.0,40.0,60.0,,48.0,40.0,48.0,23.0,30.0,44.0,,,,36.0,,15.0,14.0,,
Bowling Green State University,96,,,,,,,,,,,,,134.0,,,,,,,,11.0,,,,,,,,,,66.0,,,,,,,,,,,,,99.0,,,,,,,,133.0,,,,,,,,,,,84.0,,,,,96.0,,,,79.0,,,,70.0,,50.0,,,
Brandeis University,16,,,,,,,9.0,,48.0,,,5.0,18.0,,,,,18.0,,47.0,,,52.0,,,43.0,,1.0,,,16.0,,,,,,,,,,,,,7.0,,,,,,,,10.0,,,8.0,,,,,,,,28.0,45.0,,,30.0,37.0,,6.0,,24.0,,,,,,5.0,,,
Brigham Young University,260,76.0,,,,,,109.0,,,70.0,,104.0,122.0,,,,55.0,115.0,63.0,81.0,46.0,59.0,126.0,,,92.0,55.0,,,88.0,169.0,,65.0,,,54.0,89.0,,,,91.0,,,142.0,41.0,,,61.0,90.0,,,132.0,106.0,112.0,138.0,,,,,,,,143.0,126.0,104.0,,80.0,141.0,79.0,,51.0,129.0,,58.0,41.0,,,71.0,,,
Brite Divinity School,280,,,,,,,,,,,,,,,,,,,,,,,,,,,,,,,,,,,,,,,,,,,,,,,,,,,,,,,,,,,,,,,,,,,,,,,,,,,,,,,25.0,,
Brooklyn College (CUNY),229,,,,,,,89.0,,,,,,147.0,,,,,145.0,,58.0,,,150.0,,,124.0,,,,,84.0,,,,102.0,,116.0,,,,,143.0,,134.0,,,58.0,,,,,123.0,,,,,,,65.0,,,,156.0,155.0,,,83.0,139.0,,61.0,,157.0,,,,,,65.0,,,
Brown University,21,,,,,,,43.0,16.0,10.0,,,69.0,,,16.0,36.0,,30.0,,10.0,,,17.0,,19.0,16.0,,19.0,,,11.0,,,,,30.0,,,,,,13.0,,14.0,,,,29.0,,,,8.0,,30.0,30.0,,15.0,,,,27.0,,14.0,18.0,2.0,,43.0,19.0,62.0,8.0,,27.0,,7.0,,,,17.0,,,17.0
Bryn Mawr College,24,,,,,,,,,9.0,,,,,,,,,120.0,,8.0,,,,,,,,,,,,,,,,,,,,,,,,,,,,,,,,71.0,,,,,,,,,,,,122.0,,,,104.0,,,13.0,,,,,,,,,,
California Institute of Technology,0,,0.0,,5.0,,,,,,0.0,1.0,,7.0,,,,4.0,2.0,0.0,,,,5.0,,,,,,,2.0,,,1.0,,,,,,,,,1.0,,,,,,,,,5.0,7.0,0.0,,,,,,,,,,,7.0,,,,,,,,,,,,,,,,,
Calvin Theological Seminary,311,,,,,,,,,,,,,,,,,,,,,,,,,,,,,,,,,,,,,,,,,,,,,,,,,,,,,,,,,,,,,,,,,,,,,,,,,,,,,,,35.0,,
Carnegie Mellon University,13,,,,,,,,12.0,,,,,74.0,18.0,,,7.0,36.0,5.0,,,1.0,3.0,,,10.0,,,,11.0,42.0,,5.0,,,,,,,,,,,47.0,,,,,,,15.0,30.0,14.0,,75.0,,,,,,,,53.0,32.0,,,,11.0,,,,,,,,10.0,,,,,
Case Western Reserve University,67,62.0,16.0,,,,,56.0,,64.0,20.0,,21.0,27.0,15.0,34.0,,36.0,46.0,40.0,59.0,19.0,41.0,63.0,,,48.0,,,,43.0,60.0,,,26.0,,14.0,,37.0,,,,46.0,,74.0,,,,,20.0,51.0,22.0,58.0,31.0,20.0,49.0,,23.0,4.0,33.0,47.0,28.0,,92.0,29.0,19.0,,53.0,44.0,24.0,42.0,14.0,54.0,,,,53.0,,32.0,,,
"Catholic University of America, The",73,,,,,,,,,,,,,52.0,64.0,,,,,57.0,25.0,,,194.0,,,,,21.0,,120.0,85.0,,,,,,,,,,,,,57.0,,,,,,,,,80.0,,26.0,,,3.0,,,,,67.0,95.0,,,133.0,95.0,,31.0,19.0,,,,,,,,12.0,,
Central Michigan University,250,,,,,,,,,,,,,,,,,,,,,,,,,,,,,,,,,,,,,,,,,,,,185.0,,,,,,,,198.0,,,,,,,,,,,,,,,,181.0,,,,,,,,,,,,,
Chicago Theological Seminary,131,,,,,,,,,,,,,,,,,,,,,,,,,,,,,,,,,,,,,,,,,,,,,,,,,,,,,,,,,,,,,,,,,,,,,,,,,,,,,,,18.0,,
City College (CUNY),207,,,,,,,97.0,,,,36.0,,118.0,,,92.0,68.0,134.0,107.0,,,112.0,139.0,,,104.0,110.0,,,135.0,91.0,,,,,,,,,,,89.0,,88.0,,,,,,,,91.0,136.0,,34.0,,57.0,,,,96.0,,,,100.0,,92.0,171.0,,,,82.0,,,51.0,,,,,,
City of Hope Graduate School of Biological Sciences,253,,,,,,,,,,,,,129.0,,,,,,,,,,,,,,,,,,,,,,,,,,,,,,,,,,,,,,,,,,,,,,,,,,,,,,,,,,,,,,,,,,,,
Claremont Graduate University,78,,,,,,,,,,,,,,,,,,,,,,,,,,65.0,,14.0,,,52.0,,,,,,,,,,,,,73.0,,,,,56.0,,,53.0,,,73.0,,,,,,,,64.0,,,,29.0,,,30.0,,,,,,,,,,,
Claremont School of Theology,138,,,,,,,,,,,,,,,,,,,,,,,,,,,,,,,,,,,,,,,,,,,,,,,,,,,,,,,,,,,,,,,,,,,,,,,,,,,,,,,17.0,,
Clark Atlanta University,217,,,,,,,,,,,,,153.0,,,,,152.0,,,,,,,,,,,,,,,,,,,,,,,,,,,,,,,,,,,,,,,,,,,,,,,,,105.0,,,,59.0,,,,,,,,,,
Clark University,59,,,,,,,,,,,,,79.0,,,,,112.0,,,,,,,,123.0,,,,,,,,,,,,,,,9.0,,,113.0,,,,,,,,,,,,,,,,,,,,38.0,,,,108.0,,,,,,,,,,,,,
Clarkson University,193,,51.0,,59.0,,,,,,,,55.0,,,,,81.0,56.0,87.0,,,78.0,,,,,,,,119.0,,,91.0,,,,,,,,,,,,,,,,,,,182.0,131.0,,,,,,,,,,,103.0,,,,,,,,,,,,,,,,,
Clemson University,216,103.0,,,45.0,,36.0,165.0,62.0,,76.0,,110.0,121.0,59.0,,,49.0,108.0,45.0,,,60.0,136.0,62.0,,94.0,99.0,48.0,,83.0,120.0,34.0,39.0,,77.0,,91.0,114.0,34.0,15.0,,100.0,13.0,156.0,66.0,36.0,,,95.0,107.0,57.0,165.0,68.0,,,19.0,,135.0,60.0,,,,130.0,146.0,,,157.0,204.0,61.0,72.0,,165.0,25.0,,,,19.0,,,34.0,37.0
Cleveland State University,318,122.0,,,,,,,,,,,,141.0,74.0,,,120.0,116.0,119.0,,,125.0,191.0,77.0,,157.0,115.0,,,164.0,112.0,,101.0,,93.0,,,96.0,,,,127.0,58.0,197.0,,,51.0,,143.0,115.0,,203.0,172.0,,95.0,,,91.0,,,,,169.0,201.0,,,122.0,198.0,,94.0,85.0,155.0,,,,,,,,43.0,
"College of Optometry, State University of New York",286,,,,,,,,,,,,,,,,,,,,,,,,,,,,,,,,,,,,,,,,,,,,,,,,,,,,,,,,,,,,,,,,,,,,,,,,,,,,,,,,,
"College of William & Mary, The",176,,,,,,46.0,99.0,,81.0,,,,128.0,,,,,132.0,,79.0,,,60.0,84.0,,133.0,68.0,15.0,,,87.0,,,37.0,30.0,,71.0,,,,,73.0,,71.0,,,,,,,77.0,160.0,,,154.0,,64.0,,,,,,162.0,109.0,,,85.0,192.0,,74.0,,146.0,,,,,,,,,
Colorado School of Mines,178,,,,73.0,,,,,,,,,,,,,72.0,170.0,47.0,,,,181.0,,,140.0,,,,144.0,,,44.0,,64.0,,,,,,,44.0,,,,,,,,,61.0,,,,,,,,,,,,,,,,,,,,,,,,,65.0,,,,,
Colorado State University,127,109.0,,15.0,14.0,9.0,4.0,119.0,,101.0,,7.0,37.0,31.0,,,,38.0,31.0,34.0,,,26.0,84.0,,11.0,73.0,,65.0,,35.0,166.0,26.0,32.0,33.0,16.0,,79.0,103.0,10.0,9.0,,38.0,,181.0,40.0,,,,109.0,105.0,,68.0,77.0,52.0,149.0,7.0,,,25.0,41.0,,,126.0,56.0,,20.0,145.0,94.0,,,79.0,104.0,4.0,,,41.0,,89.0,,,16.0
Columbia University,8,0.0,,,,,,12.0,5.0,5.0,9.0,,3.0,9.0,3.0,10.0,39.0,20.0,5.0,16.0,5.0,,,20.0,,10.0,17.0,,,,9.0,5.0,,9.0,17.0,8.0,13.0,40.0,4.0,,,,5.0,,5.0,,0.0,,,2.0,1.0,,11.0,10.0,6.0,4.0,,5.0,14.0,,60.0,0.0,,9.0,4.0,1.0,,8.0,9.0,34.0,2.0,7.0,9.0,,9.0,,7.0,,1.0,,6.0,
Concordia Seminary,274,,,,,,,,,,,,,,,,,,,,,,,,,,,,,,,,,,,,,,,,,,,,,,,,,,,,,,,,,,,,,,,,,,,,,,92.0,,,,,,,,,,,
Cornell University,10,,10.0,,12.0,0.0,0.0,10.0,8.0,19.0,7.0,18.0,,,1.0,,,12.0,8.0,8.0,11.0,,0.0,4.0,,4.0,18.0,,,,8.0,10.0,3.0,15.0,,,,,,2.0,,,19.0,,15.0,5.0,,1.0,13.0,27.0,,6.0,14.0,5.0,8.0,12.0,2.0,4.0,,5.0,,9.0,,8.0,5.0,,2.0,12.0,5.0,,,,16.0,0.0,5.0,,4.0,,26.0,,2.0,3.0
Creighton University,117,,,,,,,,,,,,,,,,,,,,,,,,,,,,,,,,,,,,,,,,,,,,,,,,,,,,,,106.0,,,,,,,67.0,,,,,,,,,,,,,,,,,,,,
Dallas Theological Seminary,287,,,,,,,,,,,,,,,,,,,,,,,,,,,,,,,,,,,,,,,,,,,,,,,,,,,,,,,,,,,,,,,,,,,,,,101.0,,,,,,,,,13.0,,
Dartmouth College,103,,,,,,,81.0,,57.0,38.0,,57.0,30.0,,,,,47.0,,69.0,,,41.0,,,49.0,,61.0,,,93.0,,,,41.0,,,,,,37.0,30.0,,93.0,,,,,,,,67.0,,59.0,57.0,,,,,,53.0,,94.0,67.0,41.0,,71.0,33.0,,55.0,,124.0,,60.0,,,,,,,
DePaul University,82,,,,,,,,,,,,,,,,,,,,,,,,,,,,,,,,,,,,,,,,,,,,,,,,,,,,,,,,,,,,,,,66.0,,,,,119.0,,,,,,,,,,,,,
Drew University,89,,,,,,,,,,,,,,,,,,,,,,,,,,,,,,,,,,,,,,,,,,,,78.0,,,,,,,,,,,,,,,,,,,,,,,,,,10.0,,,,,,,,,8.0,,
Drexel University,150,53.0,,,29.0,,,,44.0,76.0,,,87.0,81.0,29.0,32.0,,30.0,147.0,62.0,,,55.0,143.0,,,116.0,,58.0,,75.0,151.0,,72.0,36.0,81.0,36.0,67.0,48.0,46.0,,,137.0,,139.0,,,27.0,,78.0,61.0,42.0,120.0,45.0,89.0,,,61.0,40.0,71.0,10.0,75.0,,154.0,72.0,46.0,,121.0,117.0,28.0,,,184.0,,,,,,,,,
Duke University,29,,,,,,,25.0,,28.0,,,9.0,8.0,19.0,29.0,20.0,,39.0,14.0,19.0,,21.0,29.0,,,20.0,,,,32.0,9.0,,18.0,,19.0,,,,,,,52.0,,18.0,,,,,,,,38.0,26.0,27.0,29.0,,38.0,74.0,,37.0,36.0,,40.0,27.0,,,14.0,68.0,,4.0,,15.0,,,,14.0,,21.0,5.0,,
Duquesne University,200,,,,,,,,,,,,124.0,162.0,,,,,137.0,,,,,,,,,,,,,127.0,,,,,,,,,,,,,,,,,,,,,,,,,,,55.0,,,,,69.0,,,,,144.0,,,,,,,36.0,,,,31.0,,
East Carolina University,344,137.0,,,,,,148.0,,95.0,,,89.0,154.0,,47.0,79.0,,205.0,,,41.0,,202.0,93.0,,161.0,101.0,49.0,,,190.0,,,44.0,,,117.0,133.0,,,62.0,156.0,48.0,183.0,61.0,,65.0,,155.0,124.0,,196.0,,97.0,127.0,,,125.0,52.0,66.0,57.0,,168.0,211.0,89.0,,184.0,220.0,71.0,,113.0,173.0,,,44.0,,58.0,84.0,,,
East Tennessee State University,220,,,,,,,,,,,,,,,,,,,,,,,,,,,,,,,,,,41.0,,,,,,,,,,,,,,,,,,,,,,,,,,,,,,,,,,235.0,,,,,,,,,,,,,
Eastern Michigan University,208,,,,,,,,,,,,,,,,,,,,,,,,,,,,,,,,,,,,,,,,,,,,,,,,,,,,,,,,,,,,,,,,,,,,221.0,,,,,,,,,,,,,
Emory University,64,,,,,,,29.0,,32.0,,,84.0,37.0,62.0,17.0,13.0,,49.0,,28.0,,,133.0,,,98.0,,,,,,,,15.0,40.0,27.0,,,,,,,40.0,30.0,,,,,,,,75.0,,24.0,69.0,,,86.0,,43.0,39.0,,50.0,158.0,,,25.0,43.0,57.0,12.0,,36.0,,13.0,,,,82.0,7.0,,
Emporia State University,155,,,,,,,,,,,,,,,,,,,,,,,,,,,,,,,,,,,,,,,,,,,,,,,47.0,,,,,,,,,,,,,,,,,,,,,,,,,,,,,,,,,,
Fielding Graduate University,179,,,,,,,,,,,,,,,,,,,,,,,,,,,,,,,,,,,,,,,,,,,,,50.0,,,,,,,,,,,,,,,,,,,,,,,,,,,,,,,,,,,,
Florida A&M University,348,,,,,,,,69.0,,,,,195.0,84.0,,,106.0,204.0,134.0,,,135.0,209.0,,,,,,,173.0,200.0,,110.0,,94.0,,,,45.0,,92.0,,,205.0,,60.0,61.0,,,,,207.0,90.0,,169.0,,,124.0,,,,44.0,,184.0,,,185.0,210.0,92.0,,81.0,183.0,,,,,,,,,
Florida Atlantic University,303,85.0,,,,,,155.0,71.0,103.0,,,147.0,,,,,,206.0,120.0,,32.0,137.0,161.0,54.0,,179.0,86.0,23.0,,145.0,163.0,,106.0,,,,92.0,81.0,,,,151.0,,161.0,,,,57.0,114.0,86.0,,134.0,162.0,,93.0,,,63.0,,,,,182.0,129.0,,,163.0,121.0,,,122.0,132.0,,,38.0,,,,,44.0,
Florida Institute of Technology,316,,67.0,,,,,,,,85.0,,,173.0,,,,,187.0,126.0,,,116.0,169.0,,,,,,,171.0,,,,,89.0,,,,,,,,,,,,,,,,,122.0,156.0,,,,,,,,,,,187.0,,,,168.0,,,,,,,,,64.0,,,,
Florida International University,291,87.0,,,,,,128.0,47.0,112.0,,,157.0,144.0,82.0,,,,174.0,123.0,,67.0,120.0,124.0,73.0,,115.0,75.0,,,153.0,154.0,,104.0,45.0,83.0,,69.0,88.0,,,50.0,132.0,55.0,123.0,,,,,101.0,93.0,81.0,183.0,132.0,114.0,89.0,,,,51.0,,,,142.0,185.0,,,147.0,182.0,65.0,81.0,40.0,109.0,,62.0,47.0,103.0,,78.0,,,
Florida State University,71,31.0,,,,,,75.0,,42.0,,24.0,75.0,43.0,50.0,,,79.0,71.0,117.0,65.0,17.0,70.0,79.0,,,90.0,26.0,,15.0,97.0,77.0,,89.0,,,,9.0,27.0,30.0,,28.0,84.0,7.0,80.0,14.0,31.0,18.0,48.0,28.0,44.0,,57.0,70.0,,28.0,,,76.0,38.0,,,,65.0,71.0,,,47.0,38.0,,53.0,12.0,45.0,,45.0,,30.0,27.0,22.0,,14.0,
Fordham University,161,65.0,,,,,,90.0,,70.0,,,,96.0,,,,,156.0,,54.0,,,157.0,63.0,,130.0,23.0,,63.0,,58.0,,,,,,,71.0,,,,,,98.0,,,34.0,,77.0,82.0,,114.0,,,67.0,,,,,,,,70.0,173.0,,,98.0,106.0,,19.0,53.0,71.0,,,,79.0,,,20.0,,
Fuller Theological Seminary,187,,,,,,,,,,,,,,,,,,,,,,,,,,,,,,,,,,,,,,,,,,,,,,,,,,,,,,,,,,,,,,,,,,,,142.0,,69.0,,,,,,,,,23.0,,
Gallaudet University,275,,,,,,,,,,,,,,,,,,,,,,,,,,,97.0,54.0,,,,,,,,,,,,,,,,,,,,47.0,,,,,,,,,,,,,,,,,,,,173.0,,,,,,,,,,,,,
Gannon University,360,,,,,,,,,,,,,,,,,,,,,,,,,,,,,,,,,,,,,,,,,,,,,,,,,,,,,,,,,,,,,,,,,,,,228.0,,,,,,,,,,,,,
George Mason University,226,91.0,,,62.0,,,126.0,,86.0,81.0,37.0,155.0,,,,,,199.0,118.0,83.0,,83.0,86.0,,,70.0,,,,113.0,136.0,,100.0,,70.0,,,75.0,,,43.0,114.0,56.0,137.0,,,,,65.0,87.0,,142.0,,113.0,91.0,,,27.0,,,,,127.0,166.0,,,,146.0,88.0,43.0,92.0,112.0,,,,81.0,,39.0,,,
George Washington University,140,30.0,27.0,,,,,100.0,,68.0,,,51.0,89.0,,44.0,,,72.0,79.0,75.0,,65.0,61.0,41.0,,74.0,87.0,,,65.0,79.0,,76.0,40.0,,51.0,61.0,46.0,,,54.0,,,46.0,63.0,,,,50.0,75.0,,69.0,38.0,57.0,66.0,,,77.0,74.0,62.0,68.0,,123.0,161.0,85.0,,58.0,112.0,27.0,66.0,,92.0,,,15.0,58.0,,30.0,,,
Georgetown University,86,66.0,,,,,,111.0,,79.0,,,92.0,80.0,,,65.0,,69.0,,33.0,,,119.0,,,60.0,,,,,72.0,,,,,,,72.0,,,,,,35.0,,,,39.0,103.0,53.0,,126.0,,39.0,,,28.0,,,,34.0,,54.0,101.0,38.0,,33.0,109.0,,,,53.0,,23.0,,87.0,,,22.0,,
Georgia Institute of Technology,44,43.0,8.0,,17.0,,,,14.0,,,28.0,95.0,82.0,11.0,,,37.0,44.0,19.0,,,15.0,16.0,,,127.0,,,,25.0,139.0,,20.0,,,,,19.0,,,,69.0,,133.0,,5.0,,,21.0,14.0,31.0,55.0,24.0,,92.0,,,,,,,,,57.0,92.0,,,64.0,,,,,,,,,,,,,
Georgia State University,175,32.0,,,,,,120.0,,,83.0,,,93.0,,50.0,,,126.0,,91.0,,,162.0,,,105.0,48.0,,23.0,,144.0,,,5.0,,60.0,86.0,25.0,,,,152.0,,120.0,16.0,,,56.0,35.0,38.0,,157.0,,,107.0,,59.0,73.0,57.0,,,,134.0,157.0,,,88.0,124.0,,67.0,72.0,145.0,,,16.0,77.0,12.0,,,,
Gerstner Sloan-Kettering Graduate School of Biomedical Sciences,224,,,,,,,,,,,,,,,,,,,,,,,,,,,,,,,,,,,,,,,,,,,,,,,,,,,,,,,,,,,,,,,,,,,,,,,,,,,,,,,,,
Graduate Theological Union,92,,,,,,,,,,,,,,,,,,,,,,,,,,,,,,,,,,,,,,,,,,,,,,,,,,,,,,,,,,,,,,,,,,,,,,34.0,,,,,,,,,15.0,,
Hampton University,338,,,,,,,,,,,,,,,,,,,,,,,,,,,,,,,,,,,,,,,,,,,,,,,,,,,,,,,,,,134.0,,,,,,186.0,,,,,,,,,,,,,,,,,
Harvard University,2,5.0,,,0.0,,,1.0,1.0,0.0,2.0,0.0,2.0,0.0,,0.0,5.0,,0.0,,0.0,,,6.0,,,1.0,,3.0,,0.0,3.0,,0.0,2.0,0.0,0.0,,0.0,,,,0.0,,0.0,2.0,,,1.0,1.0,3.0,3.0,1.0,,3.0,2.0,,1.0,,3.0,,,,1.0,0.0,,,3.0,0.0,9.0,,,0.0,,,,3.0,,,0.0,0.0,
Hofstra University,15,,,,,,,,,,,,,,,,,,,,,,,,,,,,,,,,,,,,,,,,,,,,,,,,,,,,,,,,,,,,,,,,,,,,,,,,,,,,,41.0,,,,
Howard University,238,106.0,,,,,,127.0,48.0,,87.0,,143.0,103.0,,,,113.0,175.0,128.0,68.0,36.0,110.0,182.0,79.0,,165.0,80.0,,,130.0,145.0,,,,,,84.0,123.0,,,,,41.0,72.0,39.0,,,,122.0,84.0,,136.0,109.0,102.0,135.0,,,59.0,43.0,45.0,94.0,,114.0,182.0,106.0,,79.0,102.0,,70.0,28.0,119.0,,,,,,94.0,,,
Icahn School of Medicine at Mount Sinai,153,,,,,,,,,,,,,,,,,,,,,,,,,,,,,,,,,,,,,,,,,,,,,,,,,,,,,,61.0,,,60.0,,,54.0,78.0,,,,,,,,83.0,,,,,,,,48.0,,,,
Idaho State University,246,,,,,,,,,,,,,159.0,,,,,,,,,,,,,,57.0,,,,,,,,,,,,,,,,,,,,,,,,,,,,,,,,,,,,,174.0,,,,206.0,,,,,,,,,,,,,
Illinois Institute of Technology,114,,23.0,,69.0,,,,43.0,,,,,132.0,60.0,,,66.0,155.0,71.0,,,29.0,74.0,,,,,,,44.0,,,60.0,,,,,,,,,,,,,,,,115.0,,46.0,,35.0,,,,,,,,,,,160.0,,,,158.0,,,,,,,,,,,,,
Illinois State University,198,,,,,,,,,,,,,148.0,,,,,,,,,,,,,,58.0,,,,119.0,,,,,,,,,,,,,,,,,,,,,180.0,,,,,,,,,,,,,,,,208.0,,,,,,,,,,,,,
Indiana State University,113,,,,,,,,,,,,,165.0,,,,,,,,27.0,,,46.0,,,71.0,,49.0,,,,,,,,,,,,48.0,145.0,,,,,,,,,,,,,,,,,,,,,,,,,,,,,,,,,,,,,,,
Indiana University - Bloomington,35,17.0,,,,,,40.0,,15.0,14.0,,20.0,35.0,,26.0,,,38.0,,18.0,5.0,,69.0,6.0,,50.0,15.0,,11.0,,24.0,,,39.0,49.0,23.0,6.0,17.0,,,14.0,61.0,2.0,31.0,31.0,,19.0,25.0,16.0,17.0,,24.0,,,22.0,,,1.0,37.0,,,,23.0,36.0,,,24.0,21.0,54.0,15.0,23.0,19.0,,19.0,,23.0,21.0,34.0,,,
Indiana University of Pennsylvania,218,,,,,,,,,,,,,,,,,,,,,,,,,,,,,,,160.0,,,,,,,,,,,,,,,,,,,,,,,,,,,98.0,,,,,,,,,,,,,,171.0,,,,,,,,,
Indiana University-Purdue University Indianapolis,294,,,,,,,166.0,,,,,139.0,116.0,68.0,43.0,88.0,,195.0,,,,89.0,,,,137.0,,69.0,,147.0,161.0,,,47.0,95.0,22.0,106.0,,,,97.0,126.0,47.0,175.0,,,50.0,,152.0,,,144.0,153.0,87.0,137.0,,,66.0,77.0,32.0,88.0,,150.0,163.0,98.0,,150.0,209.0,70.0,48.0,86.0,106.0,,,,,,86.0,,,
Iowa State University,97,84.0,29.0,6.0,34.0,7.0,8.0,76.0,37.0,,44.0,31.0,26.0,,,,49.0,43.0,24.0,56.0,,,53.0,55.0,51.0,16.0,82.0,59.0,,,78.0,138.0,10.0,52.0,,,,78.0,55.0,13.0,,,96.0,,157.0,17.0,39.0,,,96.0,78.0,39.0,90.0,53.0,43.0,119.0,0.0,,,30.0,,,,133.0,64.0,,7.0,109.0,97.0,,98.0,,78.0,,,,34.0,13.0,,,29.0,22.0
Jackson State University,354,80.0,,,,,,,,,,,168.0,,,,,,220.0,,,,,,,,199.0,122.0,,,,,,,,,,,142.0,,,,,,,,,,,148.0,135.0,,,,,,,,,,,,,,,,,,224.0,,,96.0,,,,,,,,,59.0,
"Jewish Theological Seminary, The",41,,,,,,,,,,,,,,,,,,,,,,,,,,,,,,,,,,,,,,,,,,,,,,,,,,,,,,,,,,,,,,,,,,,,,,28.0,,,,,,,,,,,
John Jay College of Criminal Justice (CUNY),279,,,,,,,118.0,,,,,,,,,,,,,,,,173.0,,,176.0,,,,,133.0,,,,,,,,,,,,62.0,112.0,,,,,,,,184.0,,,80.0,,,,,,,,135.0,,,,111.0,187.0,,,,141.0,,,,,,,,,
Johns Hopkins University,23,63.0,,,4.0,,,8.0,,6.0,32.0,,12.0,4.0,17.0,5.0,1.0,18.0,14.0,6.0,17.0,,10.0,34.0,,,41.0,,,,27.0,1.0,,7.0,10.0,,3.0,11.0,45.0,,,3.0,9.0,,9.0,,,,,60.0,,14.0,36.0,15.0,13.0,,,18.0,19.0,,44.0,3.0,,19.0,21.0,5.0,,22.0,15.0,20.0,,,14.0,,14.0,,31.0,,,,,1.0
Kansas State University,184,134.0,58.0,17.0,60.0,13.0,24.0,156.0,76.0,,,,67.0,108.0,,,,94.0,67.0,89.0,,,99.0,83.0,67.0,,108.0,61.0,,,131.0,155.0,11.0,,,,,33.0,91.0,,23.0,55.0,125.0,,145.0,,29.0,57.0,,102.0,67.0,,82.0,122.0,,140.0,,,,19.0,61.0,,,148.0,116.0,73.0,17.0,180.0,98.0,,,82.0,107.0,,,49.0,52.0,31.0,,,36.0,7.0
Kent State University,205,72.0,,,,,,60.0,64.0,,,,,124.0,,56.0,,,172.0,,88.0,,,107.0,39.0,,153.0,85.0,,,,149.0,,,46.0,,59.0,,95.0,,,39.0,111.0,,106.0,,,46.0,,,39.0,,118.0,,,64.0,,,32.0,,,,,183.0,125.0,,,153.0,79.0,77.0,,,160.0,,,,,,56.0,,,
LIU Post,285,,,,,,,,,,,,,,,,,,,,,,,,,,,,,,,,,,,,,,,,,,,,,,,59.0,,,,,,,,,,,,,,,,,,,,,,,,,,,,,,,,,,
Lehigh University,137,78.0,,,,,,142.0,35.0,,,,,120.0,,,,56.0,96.0,23.0,,,42.0,97.0,,,126.0,,41.0,,42.0,103.0,,36.0,,71.0,,,85.0,,,,85.0,,154.0,,15.0,,,98.0,106.0,12.0,85.0,51.0,,101.0,,,,,,,,118.0,90.0,,,101.0,136.0,,50.0,,122.0,,,,,,62.0,,,
Lehman College (CUNY),267,,,,,,,93.0,,,50.0,,,183.0,,,,,150.0,,,,,114.0,,,154.0,114.0,,,,124.0,,,,72.0,,,,,,46.0,93.0,,82.0,,,,,,,,111.0,,,61.0,,,122.0,,,,,139.0,145.0,,,90.0,159.0,,,91.0,118.0,,,52.0,,62.0,,,,
Lesley University,313,,,,,,,,,,,,,,,,,,,,,,,,,,,,59.0,,,,,,,,,,,,,,,,,,,,,,,,,,,,,,,,,,,,,,,,,,,,,,,,,,,,,
Loma Linda University,234,,,,,,,,,,,,106.0,101.0,,,,,,,,,,,,,,,,,,,,,,,,,,,,,135.0,,,,,,,,,,,,110.0,,,,105.0,,,77.0,,,,81.0,,,183.0,,,87.0,,,,,,,,,,
Long Island University Brooklyn Campus,301,,,,,,,,,,,,,,,,,,,,,,,,,,,,,,,,,,,,,,,,,,,,,,,,,,,,,,,,,,,,,,46.0,,,,,,154.0,,,,,,,,,,,,,
Louisiana State University,119,47.0,,29.0,33.0,,33.0,149.0,46.0,,79.0,,,63.0,,,,59.0,99.0,61.0,,23.0,79.0,62.0,,,102.0,66.0,36.0,,89.0,81.0,15.0,59.0,,36.0,,44.0,42.0,,,40.0,86.0,,77.0,,46.0,36.0,,36.0,30.0,,65.0,97.0,,54.0,30.0,,,,,,,85.0,134.0,45.0,11.0,100.0,114.0,,65.0,64.0,87.0,20.0,,,68.0,,,,,29.0
"Louisiana State University Health Sciences Center, Shreveport",264,,,,,,,,,,,,117.0,,,,90.0,,,,,,,,,,,,,,,,,,,,,,,,,,,,,,,,,,,,,,90.0,,,69.0,,,49.0,85.0,,,,107.0,,,,,,,,,,,,,,,,
Louisiana State University School of Medicine in New Orleans,194,,,,,,,,,,,,114.0,,,,83.0,,,,,,,,,,,,,,,,,,,,,,,,,,,,,,,,,,,,,,68.0,,,,,,29.0,84.0,,,,72.0,,,,,,,,,,,,,,,,
Louisiana Tech University,332,94.0,,41.0,,,,,,,,,,168.0,66.0,,,125.0,212.0,110.0,,,,180.0,100.0,,191.0,,,,115.0,197.0,,,,,,129.0,100.0,,30.0,,,,195.0,69.0,,,,,73.0,,199.0,140.0,,165.0,,,141.0,,,,,,208.0,,,,239.0,,,,,,,,115.0,,,,,
Loyola University Chicago,163,83.0,,,,,,154.0,,93.0,,,96.0,115.0,,,,,149.0,,35.0,,,132.0,,,138.0,,44.0,,,56.0,,,,101.0,,,66.0,,,,,,108.0,,,,,111.0,81.0,,131.0,,83.0,,44.0,,46.0,,53.0,42.0,,95.0,192.0,49.0,,112.0,91.0,58.0,60.0,56.0,86.0,,,,73.0,,,32.0,,
Loyola University Maryland,283,,,,,,,,,,,,,,,,,,,,,,,,,,,,,,,,,,,,,,,,,,,,,,,,,,,,,,,,,,,,,,,,,,,,,,62.0,,,,,,,,,42.0,,
Lutheran School of Theology at Chicago,300,,,,,,,,,,,,,,,,,,,,,,,,,,,,,,,,,,,,,,,,,,,,,,,,,,,,,,,,,,,,,,,,,,,,,,89.0,,,,,,,,,30.0,,
Maharishi University of Management,259,,,,,,,,,,,,,,,,,,,,,,,,,,,,,,,,,,,,,,,,,,,,,,,,,82.0,,,,,,,,,,,,,,,,,,,,,,,,,,,,,,10.0,,
Marquette University,240,132.0,,,,,,,,,,,,114.0,71.0,,,,144.0,125.0,,,129.0,189.0,,,183.0,79.0,,,157.0,95.0,,105.0,,,,63.0,112.0,,,,,,162.0,,,,,119.0,119.0,,208.0,100.0,,,,,70.0,,,,,100.0,189.0,,,99.0,199.0,,,,,,,,110.0,,,19.0,,
Marshall University,304,,,,,,,,,,,,,180.0,,,,,,,,,,,,,,,,,,,,,,,,,,,,,,,,,,,,,,,,,,,,,,,,,,,,,,,,,,,,,,,,,,,,
Marywood University,352,,,,,,,,,,,,,,,,,,,,,,,,,,,,43.0,,,,,,,,,,,,,,,,,,,,,,,,,,,,,,142.0,80.0,,,,170.0,,,,,236.0,,,104.0,,,,,,,,,,
Massachusetts College of Pharmacy and Health Sciences,202,,,,,,,,,,,,,,,,,,,,,,,,,,,,,,,,,,,,,,,,,,,,,,,,,,,,,,,,,,,,,,,,,,,,,,,,,,,,,,,,,
Massachusetts Institute of Technology,1,,3.0,,1.0,,,16.0,6.0,,,2.0,,12.0,,,,2.0,4.0,3.0,,,,2.0,,,0.0,,,,4.0,,,3.0,,,,,,,,,3.0,,16.0,,,,0.0,5.0,,2.0,3.0,4.0,,,,3.0,,,,,,3.0,8.0,,,4.0,,,,,,,29.0,,,,,,4.0,
Medical College of Wisconsin,145,,,,,,,,,,,,88.0,,,38.0,73.0,,,,,,,,,,,,,,,,,,,,57.0,53.0,,,,,,,,,,,,,,,,,91.0,,,53.0,,,,70.0,,,,55.0,,,,81.0,,,,,,,,,,,,
Medical University of South Carolina,186,,,,,,,,,,,,140.0,,,41.0,82.0,,,,,,,,,,,,,,,,,,,,48.0,,,,,,,,,,,,,,,,,,92.0,,,72.0,,,51.0,73.0,,,,,,,,,,,,,,,,,,,,
Meharry Medical College,53,,,,,,,,,,,,164.0,,,,,,,,,,,,,,,,,,,,,,,,,,,,,,,,,,,,,,,,,,,,,,,,,,,,,,,,,,,,,,,,,,,,,
Mercer University,130,,,,,,,,,,,,,,,,,,,,,,,,,,,,,,,,,,,,,,,,,,,,,,,,,,,,,,,,,,,,,,,,,,,,,,,,,,,,,,,,,
Miami University,288,88.0,,,,,,131.0,72.0,,,,153.0,,,,,119.0,163.0,,71.0,,128.0,196.0,,,174.0,64.0,,53.0,170.0,117.0,,,,86.0,,118.0,106.0,,,72.0,110.0,,111.0,,,,,127.0,91.0,,202.0,147.0,93.0,116.0,,,121.0,,,,,141.0,199.0,,,141.0,113.0,,56.0,106.0,162.0,,57.0,,104.0,,,,,
Michigan State University,61,24.0,,10.0,16.0,6.0,9.0,53.0,,83.0,49.0,,35.0,,,,,75.0,37.0,38.0,,13.0,56.0,56.0,3.0,,38.0,13.0,,7.0,57.0,59.0,14.0,26.0,,6.0,43.0,7.0,22.0,12.0,1.0,25.0,49.0,,48.0,25.0,,24.0,49.0,12.0,12.0,53.0,44.0,42.0,54.0,36.0,,,79.0,26.0,31.0,38.0,,93.0,63.0,44.0,13.0,45.0,47.0,,46.0,32.0,57.0,5.0,,13.0,24.0,,47.0,,42.0,19.0
Michigan Technological University,256,,,,,,,,,,,,,187.0,55.0,,,87.0,125.0,95.0,,,114.0,184.0,,,186.0,,,,158.0,,,93.0,,78.0,,135.0,,,18.0,,,,,,,,,,,49.0,179.0,103.0,,,,,,,,,,,191.0,102.0,,,,,,,,,,,,,,,,
Mid-America Baptist Theological Seminary,289,,,,,,,,,,,,,,,,,,,,,,,,,,,,,,,,,,,,,,,,,,,,,,,,,,,,,,,,,,,,,,,,,,,,,,,,,,,,,,,26.0,,
Middle Tennessee State University,331,,,,,,,,,,,,,,,,,,,,,,,,,,180.0,,,,,196.0,,,,,,93.0,109.0,,,,,,193.0,,,,,,,,,,,,,,,,,,,,,,,,,,,,,,,,,,,,,
Mississippi State University,293,70.0,34.0,30.0,71.0,,45.0,116.0,77.0,,88.0,,159.0,106.0,,,,95.0,153.0,133.0,,,126.0,91.0,85.0,,167.0,72.0,,40.0,132.0,187.0,30.0,108.0,,,,114.0,104.0,25.0,16.0,,155.0,,176.0,,47.0,,,,72.0,,205.0,93.0,,168.0,,,,58.0,,,,153.0,188.0,,30.0,165.0,165.0,,100.0,,113.0,30.0,,42.0,105.0,,,,,38.0
Missouri University of Science and Technology,262,,45.0,,85.0,,,,83.0,,,,,135.0,,,,91.0,168.0,72.0,,,63.0,138.0,,,171.0,,,,96.0,194.0,,62.0,,,,,117.0,,,,77.0,,207.0,,,,,,,68.0,166.0,83.0,,,,,,,,,,184.0,176.0,,,192.0,231.0,,,,,,,,112.0,,,,,
Montana State University,276,111.0,,26.0,79.0,,49.0,114.0,67.0,,,,74.0,,,,74.0,100.0,102.0,127.0,,,91.0,146.0,,30.0,160.0,,64.0,,103.0,165.0,,,,74.0,,,,,,56.0,112.0,53.0,159.0,64.0,62.0,,,,,,140.0,145.0,86.0,166.0,33.0,56.0,131.0,,,,,147.0,84.0,,24.0,169.0,216.0,,,,156.0,,,,74.0,,,,,40.0
Morgan State University,349,,,,,,,,,,,,,164.0,,,,,,,,,,,,,,,,,,180.0,,,,,,,,,,90.0,,,198.0,,,,,144.0,,,,,,,,,,,,,,,,,,,195.0,,,80.0,,,,,,,,,,
Naval Postgraduate School,249,,49.0,,,,,,,,,13.0,,,,,,,,,,,86.0,137.0,,,89.0,,,,123.0,,,,,,,,108.0,,,,,,,,,52.0,,112.0,,,,112.0,,,,,,,,,,,165.0,,,,,,,,,,,,,,,,,
New Jersey Institute of Technology,223,,,,83.0,,,,50.0,,,,,130.0,58.0,,,98.0,200.0,116.0,,,104.0,120.0,,,,,,,108.0,,,103.0,,96.0,,,,,,,,,153.0,,54.0,,,136.0,,,109.0,101.0,,,,,,,,,,,144.0,,,,,,,,,,,,,,,,,
New Mexico Institute of Mining and Technology,212,,,,,,,,,,,,,,,,,124.0,171.0,,,,,188.0,,,,,,,,,,,,85.0,,,,,,,63.0,,,,,,,,,55.0,200.0,,,,,,,,,,,,147.0,,,,,,,,,,,,,,,,,
New Mexico State University,261,139.0,59.0,34.0,,,25.0,139.0,,,46.0,,91.0,92.0,,,,101.0,81.0,94.0,,65.0,66.0,156.0,69.0,35.0,192.0,88.0,,54.0,86.0,104.0,35.0,,,82.0,,115.0,131.0,,,70.0,82.0,44.0,119.0,,49.0,,65.0,108.0,74.0,,104.0,124.0,,160.0,,,83.0,,,,,115.0,78.0,,29.0,,70.0,93.0,,115.0,175.0,,,32.0,113.0,,,,,
New Orleans Baptist Theological Seminary,369,,,,,,,,,,,,,,,,,,,,,,,,,,,,,,,,,,,,,,,,,,,,,,,,,,,,,,,,,,,,,,,,,,,,,,,,,,,,,,,37.0,,
"New School, The",37,,,,,,,23.0,,,,,,,,,,,,,,,,,,,29.0,,,,,,,,,,,,,,,,,,,,,,,117.0,,,,,,,,,,,,,,16.0,,,,26.0,42.0,,,,18.0,,,,,,,,,
New York Medical College,60,,,,,,,,,,,,163.0,,,,46.0,,,,,,,,,,,,,,,,,,,,,,,,,,,,,,,,,,,,,,73.0,,,,,,9.0,16.0,,,,34.0,,,,,,,,,,,,,,,,
New York University,20,1.0,48.0,,32.0,,,6.0,,4.0,,,24.0,36.0,26.0,,16.0,48.0,41.0,65.0,24.0,39.0,38.0,28.0,30.0,,19.0,16.0,,,30.0,13.0,,,21.0,,10.0,15.0,3.0,29.0,,,,,13.0,,,,9.0,3.0,7.0,,9.0,60.0,12.0,16.0,,9.0,,35.0,16.0,45.0,,5.0,43.0,27.0,,18.0,27.0,11.0,,34.0,13.0,,3.0,,29.0,,,,,
Norfolk State University,367,,,,,,,,,,,,,,,,,,,,,,,,,,,,,,,,,,,,,,,,,,,,,,,,,,,,,,,,,,,,,,,,210.0,,,,,,,103.0,,,,,,,,,,
North Carolina Agricultural and Technical State University,350,,,,,,,,,,,,,,,,,122.0,,,,,140.0,,,,,,,,174.0,,,,,,,,,,,,,,,67.0,61.0,,,,,,,164.0,,,,,,,,,,,,,,,,,,,,,,,,,,,,
North Carolina State University,104,113.0,37.0,5.0,28.0,8.0,17.0,122.0,19.0,,,30.0,43.0,62.0,,,,22.0,101.0,44.0,,,39.0,49.0,42.0,14.0,54.0,49.0,,48.0,54.0,148.0,16.0,50.0,,35.0,41.0,,,18.0,14.0,,,23.0,83.0,51.0,21.0,,,80.0,,26.0,98.0,47.0,,,12.0,,,40.0,,,,96.0,133.0,,14.0,,172.0,,82.0,66.0,73.0,3.0,,,43.0,42.0,,,,18.0
North Dakota State University,319,124.0,,40.0,56.0,,40.0,152.0,,,,,138.0,111.0,,,,,139.0,121.0,,,98.0,147.0,,,,,68.0,,149.0,202.0,,,,,,103.0,132.0,,,,124.0,,192.0,65.0,64.0,,,146.0,125.0,79.0,190.0,155.0,,159.0,32.0,,128.0,59.0,,,36.0,165.0,132.0,,10.0,172.0,160.0,74.0,99.0,,154.0,,,,76.0,,,,,30.0
Northeastern University,189,86.0,,,,,,102.0,53.0,82.0,,,,126.0,,,,65.0,143.0,81.0,,,61.0,81.0,,,114.0,,,,74.0,110.0,,82.0,,84.0,,,79.0,,,,121.0,,100.0,,52.0,28.0,,100.0,98.0,,41.0,88.0,,90.0,,,119.0,,,,32.0,125.0,81.0,,,120.0,75.0,,73.0,,76.0,,,,,,58.0,,50.0,
Northern Arizona University,211,,,,,,,,,,,,,95.0,,,,,,,,,,,,,,,,60.0,,142.0,,,,,,,,,11.0,,,,166.0,,,,,,,,,,,,,,,,,,,,,,,156.0,,,,,,,,,,,,,,
Northern Illinois University,278,131.0,,,,,,129.0,,,,49.0,129.0,172.0,,,,,160.0,,,,,171.0,71.0,,97.0,44.0,,36.0,175.0,132.0,,,,91.0,,97.0,107.0,,,86.0,131.0,52.0,89.0,,69.0,,,104.0,116.0,,152.0,161.0,,100.0,,,92.0,76.0,,,,112.0,152.0,,,110.0,143.0,87.0,,,136.0,,,30.0,83.0,39.0,,,,
Northwestern University,17,6.0,,,11.0,,,13.0,,14.0,36.0,29.0,16.0,,2.0,,35.0,14.0,9.0,4.0,43.0,0.0,,46.0,,,7.0,,7.0,,33.0,18.0,,6.0,,,,,1.0,,,,27.0,,17.0,10.0,3.0,,20.0,13.0,0.0,7.0,22.0,12.0,21.0,10.0,,14.0,,,58.0,,,15.0,24.0,48.0,,15.0,16.0,,17.0,,7.0,,33.0,,20.0,,2.0,,,
Nova Southeastern University,123,,,,,,,,,,,,,,,,,,,,,,,183.0,,,,,,,,,,,,,,43.0,,,,,,,,,,56.0,,,,,,,,,,,78.0,,,,,,,,,,,,,,,,,,,,,,,
Oakland University,298,,,,,,,,,,,,,169.0,,,,,183.0,,,,138.0,151.0,,,,118.0,,,165.0,,,,,,,,,,,,,,,59.0,44.0,,,,,,186.0,134.0,,72.0,,,,,,,,,203.0,,,,,,,,,,,,98.0,63.0,73.0,,,
"Ohio State University, The",49,10.0,33.0,8.0,30.0,12.0,27.0,62.0,26.0,17.0,26.0,,58.0,,27.0,,21.0,34.0,59.0,42.0,14.0,,33.0,33.0,11.0,26.0,28.0,24.0,10.0,19.0,41.0,45.0,12.0,40.0,,34.0,,5.0,10.0,16.0,,10.0,53.0,,40.0,34.0,10.0,,18.0,19.0,10.0,30.0,40.0,44.0,9.0,37.0,17.0,21.0,47.0,,30.0,,2.0,41.0,46.0,28.0,6.0,19.0,32.0,7.0,,21.0,32.0,,24.0,,33.0,3.0,20.0,,,11.0
Ohio University,235,93.0,,,36.0,,,150.0,,71.0,66.0,,130.0,,,,,117.0,197.0,148.0,,,,158.0,,,147.0,,28.0,12.0,114.0,98.0,,,,79.0,,73.0,137.0,,,87.0,128.0,34.0,114.0,,66.0,,,138.0,120.0,,168.0,123.0,,132.0,,,136.0,,,,,124.0,130.0,,,143.0,80.0,89.0,37.0,,,,,,,,,,,
Oklahoma State University,177,36.0,41.0,12.0,31.0,,16.0,,49.0,100.0,,,94.0,,,,70.0,90.0,121.0,98.0,,56.0,115.0,123.0,50.0,17.0,134.0,65.0,30.0,51.0,143.0,122.0,33.0,90.0,,,,,84.0,,,81.0,144.0,,179.0,45.0,18.0,,,84.0,49.0,62.0,106.0,65.0,94.0,128.0,23.0,,,17.0,,90.0,,145.0,140.0,101.0,31.0,171.0,110.0,,,,102.0,13.0,,,67.0,11.0,80.0,,,27.0
Old Dominion University,295,141.0,42.0,,,,,,,,,43.0,166.0,155.0,,,,,209.0,136.0,,60.0,102.0,131.0,68.0,,166.0,74.0,,,122.0,181.0,,109.0,42.0,,,112.0,99.0,,,95.0,,,187.0,,,,,91.0,90.0,,156.0,81.0,,117.0,,,81.0,,,,,167.0,94.0,,,146.0,177.0,50.0,80.0,,167.0,,,28.0,94.0,60.0,,,57.0,
Oregon Health & Science University,154,,,,,,,,,,,,80.0,,69.0,,43.0,,,,,,,,,,,,,,,,,,,,56.0,,,,,,,,,,,38.0,,,,,,,55.0,,,50.0,53.0,,,55.0,,,,52.0,,,,,,,,,,,,,,,,
Oregon State University,141,,,20.0,78.0,15.0,32.0,135.0,,,,26.0,34.0,,,,,83.0,90.0,64.0,,,,93.0,,,93.0,,16.0,,84.0,150.0,,55.0,,,,37.0,,22.0,5.0,,58.0,,102.0,38.0,50.0,,,,,,99.0,108.0,17.0,133.0,3.0,,,14.0,,,42.0,158.0,96.0,,23.0,138.0,186.0,66.0,,,103.0,8.0,,,46.0,,,,,28.0
"Pennsylvania State University, The",47,8.0,7.0,19.0,22.0,14.0,12.0,19.0,39.0,27.0,33.0,10.0,40.0,28.0,,23.0,,29.0,22.0,26.0,41.0,7.0,20.0,30.0,5.0,21.0,33.0,4.0,,16.0,37.0,49.0,18.0,21.0,,,19.0,36.0,16.0,6.0,10.0,12.0,22.0,1.0,81.0,4.0,11.0,22.0,27.0,14.0,6.0,20.0,28.0,23.0,60.0,87.0,10.0,19.0,35.0,4.0,,33.0,,33.0,37.0,50.0,5.0,41.0,26.0,5.0,,,56.0,12.0,18.0,24.0,21.0,,38.0,,,2.0
Portland State University,188,,,,,,,,,,,,,105.0,,,,,148.0,109.0,,,97.0,105.0,,,,,,,102.0,,,92.0,,61.0,,,,,,,,,,,,,,,,,139.0,,,,,,,,,,,,,,,,179.0,,,55.0,121.0,,,,88.0,,,,30.0,
Prairie View A&M University,362,,,,,,,,,,,,,,,,,,,,,,143.0,,,,,107.0,,,177.0,,,,,,,,,,,,,,,,,,,,,,,,,,,,,,,,,,,,,,226.0,,,,,,,,,,,,,
Princeton Theological Seminary,28,,,,,,,,,,,,,,,,,,,,,,,,,,,,,,,,,,,,,,,,,,,,28.0,,,,,,,,,,,,,,,,,,,,,,,,,,16.0,,,,,,,,,4.0,,
Princeton University,3,,2.0,,10.0,,,17.0,0.0,3.0,3.0,,,,,,,3.0,10.0,7.0,2.0,,,7.0,,5.0,2.0,,,,5.0,6.0,,8.0,,,,,,,,,4.0,,4.0,,,,,,,,0.0,3.0,,0.0,,,,,,,,0.0,1.0,,,1.0,10.0,,1.0,,3.0,,0.0,,,,,,,
Purdue University,50,,15.0,9.0,8.0,4.0,21.0,103.0,,,,33.0,14.0,29.0,23.0,,,23.0,25.0,18.0,,,19.0,37.0,28.0,,27.0,,12.0,,28.0,51.0,22.0,,,,,20.0,,14.0,6.0,,78.0,,110.0,7.0,6.0,14.0,,31.0,,29.0,33.0,16.0,,,9.0,,44.0,10.0,,19.0,11.0,63.0,44.0,,18.0,72.0,46.0,,,,60.0,,,,22.0,15.0,60.0,,,20.0
Queens College (CUNY),159,,,,,,,,,,,,,,,,,,,,62.0,,,,,,,,,,,,,,,,,,,,,,,,,,,,,,,,,,,,,,,,,,,,,,,,,,,,,,,,,,,,,
Regent University,358,,,,,,,,,,,,,,,,,,,,,,,,,,,,70.0,,,,,,,,,,,,,,,,,,,,,,,,,,,,,,,,,,,,,,,,238.0,,103.0,,,,,,,,,33.0,,
Rensselaer Polytechnic Institute,52,,24.0,,7.0,,,,22.0,,34.0,,66.0,100.0,9.0,,,19.0,100.0,35.0,,,25.0,45.0,,,96.0,,,,38.0,,,38.0,,53.0,,,,,,,45.0,,,,24.0,,,62.0,,25.0,43.0,22.0,,,,,,,,,,,51.0,,,,,,,,,,,,,20.0,,,,
Rice University,36,15.0,,,25.0,,,39.0,9.0,52.0,27.0,,,,6.0,,,16.0,20.0,31.0,48.0,,5.0,12.0,,,45.0,,,,12.0,39.0,,33.0,,,,74.0,56.0,,,,41.0,,49.0,,,,51.0,81.0,52.0,40.0,16.0,20.0,,39.0,,,,,,,,43.0,28.0,,,40.0,78.0,,13.0,,81.0,,47.0,,19.0,,49.0,,,
Robert Morris University,328,,,,,,,,,,,,,,,,,,,,,,,,,,,,67.0,,,,,,,,,,,,,,,,,,,,,,,,,,,,,,,,,,,,,,,,,,,,,,,,,,,,,
Rochester Institute of Technology,124,,,,,,,,,,,,,,,,,,,,,,,175.0,,,,,,,134.0,,,,,,,,,,,,,,,,,,,,,,,,,,,,,,,,,,,,,,,,,,,,,,,,,,,
Rosalind Franklin University,171,,,,,,,,,,,,122.0,,,,78.0,,,,,,,,,,,,,,,,,,,,,,,,,,,,,,,,,,,,,,98.0,,,36.0,,,39.0,97.0,,,,66.0,,,123.0,,,,,,,,,,,,,
Rush University,81,,,,,,,,,,,,136.0,,,,71.0,,,,,,,,,,,,,,,,,,,,,,,,,,,,,,,,,,,,,,105.0,,,58.0,,,,92.0,,,,76.0,,,,,,,,,,,,,,,,
Rutgers  - Newark,190,68.0,,,,,,,,74.0,,,,98.0,,,62.0,,131.0,,87.0,,,110.0,,,136.0,76.0,,,,97.0,,,,50.0,55.0,,82.0,,,,103.0,,87.0,,,,,87.0,79.0,,100.0,,,,,,108.0,,,,,75.0,74.0,,,96.0,155.0,,,76.0,70.0,,46.0,,,,,,,
Rutgers - New Brunswick,54,48.0,44.0,33.0,,,34.0,46.0,,26.0,30.0,,47.0,,14.0,35.0,19.0,50.0,73.0,43.0,27.0,,30.0,36.0,,34.0,56.0,7.0,,26.0,46.0,22.0,8.0,42.0,3.0,18.0,,23.0,36.0,15.0,,11.0,36.0,,24.0,8.0,19.0,7.0,22.0,43.0,36.0,21.0,20.0,41.0,72.0,38.0,21.0,41.0,56.0,9.0,,14.0,21.0,10.0,30.0,,26.0,37.0,52.0,0.0,44.0,57.0,35.0,,40.0,,26.0,,,,11.0,
Rutgers University-Camden,221,,,,,,,123.0,,,,,,163.0,,,,,203.0,,,,,100.0,,,101.0,,,,,111.0,,,,,,,,,,,,,104.0,,,,,,,,74.0,,,,,,123.0,,,,,77.0,202.0,,,113.0,174.0,,84.0,,130.0,,,,,,,,,
SUNY College of Environmental Science and Forestry,166,,,,,,,,,,,,,,,,,,159.0,,,,,,,,,,,,,,,,,47.0,,,,,17.0,,,,,,,,,,,,,,,,27.0,,,,,,,,,,,,,,,,,,,,,,,,,
SUNY Upstate Medical University,87,,,,,,,,,,,,127.0,,,,76.0,,,,,,,,,,,,,,,,,,,,,,,,,,,,,,,,,,,,,,79.0,,,48.0,,,,24.0,,,,47.0,,,,,,,,,,,,,,,,
Saint Louis University,210,92.0,62.0,,,,,146.0,,,,41.0,70.0,73.0,79.0,53.0,,,202.0,131.0,95.0,45.0,123.0,154.0,,,162.0,100.0,51.0,,166.0,113.0,,,,,39.0,19.0,73.0,,,,120.0,28.0,135.0,,,,,73.0,47.0,,141.0,149.0,66.0,,,,33.0,13.0,25.0,74.0,,61.0,206.0,75.0,,149.0,134.0,36.0,,52.0,120.0,,,,,,,21.0,,
Saint Thomas University,258,,,,,,,,,,,,,,,,,,,,,,,,,,,,,,,,,,,,,,,,,,,,,,,,,,,,,,,,,,,,,,,,,,,,,,,,,,,,,,,36.0,,
Sam Houston State University,340,,,,,,,,,,,,,,,,,,,,,,,,,,,120.0,,,,,,,,,,,,,,,,,191.0,,,,,,,,,,,,,,,,,,,191.0,,,,,223.0,,,,,,,,,,,,,
San Diego State University,204,,64.0,,,,,,,,,,154.0,133.0,,,,,128.0,,,,,,,,,96.0,,,,,,,,,,108.0,,,,42.0,,,,,,,,,,,,,,,,,,,,,,,,,,,151.0,69.0,,,,,,,,,,,,
Santa Clara University,158,,,,,,,,,,,,,,,,,,,,,,101.0,,,,,,,,99.0,,,,,,,,,,,,,,,,,,,,,,,72.0,,,,,,,,,,,,,,,,,,,,,,,,,,,,
Seattle Pacific University,325,,,,,,,,,,,,,,,,,,,,,,,,,,,,,,,,,,,,,,,,,,,,,,,,,,,,,,,,,,,,,,,,,,,,214.0,,,,,,,,,,,,,
Seton Hall University,147,,,,,,,,,,,,149.0,152.0,,,,,130.0,,,,,,,,,82.0,,,,,,,,,,,,,,,,,,,,,,,,,,,,,,,,,,,,,,,,,217.0,,,,,,,,,,,,,
Smith College,38,,,,,,,,,,,,,,,,,,,,,,,,,,,,,,,,,,,,,,,,,,,,,,,,,,,,,,,,,,,,,,,,,,,,,,,20.0,,,,,,,,,,
South Dakota School of Mines & Technology,351,,,,81.0,,,,,,,42.0,,189.0,,,,118.0,218.0,,,,,208.0,,,,,,,,,,,,100.0,,,,,,,146.0,61.0,,,,,,,,87.0,211.0,168.0,,,,,,,,,,,209.0,,,,,,,,,,,,,,,,,
South Dakota State University,355,,,,84.0,,42.0,,73.0,,,,148.0,181.0,,,,,215.0,139.0,,,,213.0,,,185.0,112.0,,,182.0,193.0,,107.0,,,,,,35.0,,88.0,,,206.0,,,,,,,,215.0,157.0,107.0,170.0,38.0,,116.0,75.0,,,41.0,190.0,200.0,,,187.0,232.0,,97.0,,170.0,,,,111.0,,97.0,,,42.0
Southeastern Baptist Theological Seminary,335,,,,,,,,,,,,,,,,,,,,,,,,,,,,,,,,,,,,,,,,,,,,,,,,,,,,,,,,,,,,,,,,,,,,,,,,,,,,,,,29.0,,
"Southern Baptist Theological Seminary, The",146,,,,,,,,,,,,,,,,,,,,,,,,,,,,,,,,,,,,,,,,,,,,,,,,,,,,,,,,,,,,,,,,,,,,,,,,,,,,,,,16.0,,
Southern Illinois University Carbondale,180,54.0,50.0,36.0,,,52.0,79.0,82.0,,,,125.0,,,,,,89.0,147.0,,,90.0,148.0,40.0,,75.0,20.0,,4.0,140.0,86.0,,117.0,,,,42.0,69.0,41.0,26.0,57.0,117.0,12.0,140.0,,,,60.0,70.0,80.0,,150.0,165.0,48.0,113.0,,,,69.0,,82.0,,90.0,99.0,83.0,,127.0,88.0,52.0,,74.0,68.0,29.0,,14.0,,36.0,27.0,,,
Southern Methodist University,125,,,,,,,57.0,,,,,,123.0,,,,,177.0,106.0,,,23.0,47.0,64.0,,62.0,,,,50.0,125.0,,88.0,,,,,,,,,66.0,,115.0,,,,,,,,116.0,87.0,,,,,,,,,,,120.0,,,,185.0,,,,,,,,44.0,,,24.0,,
Southern University and A&M College,343,,,,,,,,,,,,,,,,,,,,,,,,,,,,,,,,,,,,,,,,29.0,,,,,,,,,,,,,,,,,,12.0,,,,,,,,,,,,,,,,,29.0,,,,,58.0,
Southwestern Baptist Theological Seminary,323,,,,,,,,,,,,,,,,,,,,,,,,,,,,,,,,,,,,,,,,,,,,,,,,,,,,,,,,,,,,,,,,,,,,,,102.0,,,,,,,,,27.0,,
Springfield College,305,,,,,,,,,,,,,,,,,,,,,,,,,,,,,,,,,,,,,,,,,,,43.0,,,,,,,,,,,,,,,,,,,,,,,,,,,,,,,,,,,,,,
St Mary's University,191,,,,,,,,,,,,,,,,,,,,,,,,,,,,,,,,,,,,,,,,,,,,,,,,,,,,,,,,,,,,,,,,,,,,,,,,,,,,,,,,,
St. John's University,111,,,,,,,,,,,,,127.0,,,,,,,,,,,,,,,,,,,,,,,,,,,,,,,,,,,,,,,,,,,,,,,,,,,,,,,167.0,,,,,,,,,,,,,
Stanford University,4,,1.0,,3.0,,,3.0,,13.0,4.0,,0.0,2.0,,2.0,,0.0,3.0,1.0,3.0,,,0.0,,,3.0,,0.0,,1.0,2.0,,2.0,,7.0,5.0,,,,,,6.0,,2.0,,,,3.0,0.0,,4.0,5.0,1.0,4.0,5.0,,0.0,,,48.0,,,11.0,3.0,0.0,,0.0,1.0,2.0,5.0,,4.0,,1.0,,0.0,,0.0,,,
Stevens Institute of Technology,156,,,,,,,,,,,,161.0,,72.0,,,73.0,146.0,99.0,,,82.0,67.0,,,,,,,121.0,,,84.0,,,,,,,,,,,,,,,,113.0,,75.0,93.0,76.0,,,,,,,,,,,70.0,,,,,,,,,,,,,,,,,
"Stony Brook University, State University of New York",34,,,,,,,11.0,,50.0,28.0,25.0,32.0,,21.0,,15.0,,60.0,,,,,26.0,,13.0,46.0,,,,52.0,38.0,,,,,,,,,,,18.0,,38.0,,,,34.0,,,33.0,19.0,57.0,23.0,17.0,,12.0,72.0,,36.0,15.0,,29.0,19.0,37.0,,44.0,18.0,,,75.0,23.0,,27.0,,37.0,,33.0,,,
Suffolk University,70,,,,,,,,,,,,,,,,,,,,,,,,,,129.0,,,,,,,,,,,,,,,,,,,,,,,,,,,,,,,,,,,,,,,,,,,,,,,,,,,,,,,
Syracuse University,74,56.0,35.0,,,,,59.0,31.0,36.0,,,,58.0,43.0,,,53.0,88.0,69.0,,3.0,45.0,59.0,4.0,,51.0,,,,64.0,30.0,,69.0,,,,52.0,31.0,,,23.0,56.0,32.0,79.0,9.0,,11.0,46.0,39.0,33.0,,96.0,64.0,,103.0,,,,,,,,32.0,49.0,,,36.0,71.0,,45.0,27.0,61.0,,,,,14.0,,,,
Teachers College Columbia University,98,,,,,,,,,,,,,,,,,,,,,,,,13.0,,,37.0,18.0,31.0,,,,,,,,51.0,,,,,,38.0,,43.0,,,,,,,101.0,,,,,,,,,,,,,,,,,,,,,,,,,35.0,,,,
Temple University,107,46.0,,,75.0,,,70.0,,,,,98.0,59.0,,,27.0,,113.0,142.0,44.0,6.0,94.0,163.0,55.0,,86.0,,,43.0,105.0,61.0,,,,69.0,,64.0,52.0,,,58.0,101.0,19.0,56.0,,,54.0,,34.0,31.0,,66.0,152.0,42.0,20.0,,49.0,34.0,,27.0,37.0,33.0,39.0,42.0,54.0,,75.0,48.0,,22.0,48.0,74.0,,55.0,,45.0,16.0,,,25.0,
Tennessee State University,336,,,,,,,,,,,,,190.0,,,,,,,,,144.0,,,,,,,,181.0,,,,,,,,,,,,,,,,,,,,,,,,,,,,,,,,,,,,,,218.0,,,,,,,,,,,,,
Tennessee Technological University,330,,,,,,,,,,,,,,,,,112.0,,145.0,,,111.0,,,,,,,,138.0,,,115.0,,,,,,,,,,,,,,,,,,,,167.0,,,,,,,,,,,,,,,,,,,,,,,,,,,,
Texas A&M Corpus Christi,361,140.0,,,,,,,,111.0,,,,199.0,,,,,,,,,,207.0,97.0,,194.0,73.0,,24.0,,199.0,,,,97.0,,136.0,136.0,,,,,,201.0,,,,,156.0,129.0,,214.0,169.0,,162.0,,,126.0,,,,,151.0,,,,188.0,233.0,,,,134.0,,54.0,,116.0,,93.0,,,
Texas A&M Health Science Center,213,,,,,,,,,,,,,,,,,,,,,,,,,,,,,,,,,,,,,,,,,,,,,,,,,,,,,,,,,,,,,,,,,,,,,35.0,,,,,,,,,,,,
Texas A&M Kingsville,359,145.0,,,,22.0,51.0,,84.0,,,,,179.0,,,,126.0,194.0,129.0,,53.0,,214.0,,,,111.0,,,183.0,195.0,,83.0,,,,132.0,141.0,,,,147.0,,202.0,,63.0,,,145.0,123.0,,216.0,174.0,,151.0,,,,,,,,188.0,212.0,,,179.0,213.0,,,,182.0,,65.0,,,46.0,,,,
Texas A&M University,102,19.0,18.0,11.0,37.0,10.0,5.0,84.0,27.0,,64.0,21.0,61.0,87.0,39.0,,,61.0,33.0,39.0,72.0,,48.0,51.0,34.0,28.0,47.0,31.0,,30.0,56.0,107.0,24.0,,11.0,,46.0,50.0,24.0,9.0,,35.0,72.0,5.0,125.0,,16.0,,,18.0,42.0,36.0,60.0,40.0,65.0,,8.0,54.0,103.0,16.0,,,30.0,157.0,79.0,65.0,25.0,67.0,92.0,,,,52.0,14.0,56.0,,32.0,7.0,,,27.0,21.0
Texas A&M University-Commerce,365,142.0,,,,,,,,,90.0,,,200.0,,,,,222.0,,,,,212.0,89.0,,197.0,91.0,,,,177.0,,,,103.0,,128.0,139.0,,,,,,208.0,,,,,157.0,130.0,,219.0,,,163.0,,,140.0,,,,,,204.0,,,193.0,227.0,,,119.0,179.0,,,40.0,,,96.0,,,
Texas Christian University,139,,,,,,,,,,68.0,,,,,,,,198.0,,,,,,,,,,,,,90.0,,,,,,,,,,78.0,,,146.0,,,,,,,,,,,,,,,,,,,,148.0,,,,105.0,,,,,,,,,,,,,
Texas Southern University,296,,,,,,,,,,,,,,,,,,221.0,,,,,,,,,,,,,,,,,,,,,,,,,,,,,,,,,,,,,,,,,,,100.0,,,,,,,,,,,,,,,,,,,54.0,
Texas State University,342,138.0,,,,,,132.0,,,,,167.0,191.0,,,,,213.0,,,54.0,,190.0,83.0,,184.0,102.0,,59.0,,167.0,,,,,,113.0,115.0,,,49.0,,42.0,173.0,,,,,149.0,128.0,,193.0,,,150.0,,,130.0,,,,,179.0,128.0,,,170.0,207.0,91.0,,90.0,176.0,,,,,,85.0,,,
Texas Tech University,183,,,31.0,,,22.0,162.0,68.0,87.0,,,105.0,76.0,,,,92.0,103.0,68.0,96.0,,37.0,103.0,61.0,,120.0,105.0,,55.0,53.0,141.0,,68.0,25.0,,,82.0,,31.0,,82.0,123.0,,164.0,28.0,25.0,,,,,,177.0,85.0,,86.0,13.0,,,53.0,,,,132.0,142.0,,,135.0,122.0,,,99.0,159.0,24.0,,,101.0,10.0,70.0,,,
Texas Tech University Health Sciences Center,347,,,,,,,,,,,,160.0,,,,86.0,,,,,58.0,,,,,,,,,,,,,,,,127.0,,,,,,,,,,,,,,,,,95.0,,,74.0,120.0,,,95.0,,,,91.0,,,,,,,,,,,,,,,,
Texas Woman's University,172,,,,,,,,,,,,,185.0,,,,,,,,,,,,,,,,,,198.0,,,,,,70.0,,40.0,,,,18.0,,58.0,,37.0,,,,,,,,,,,,61.0,,,,187.0,,,,,200.0,,,93.0,128.0,,,,,44.0,,,,
Thomas Jefferson University,68,,,,,,,,,,,,62.0,,,,59.0,,,,,,,,,,,,,,,,,,,,,,,,,,,,,,,,,,,,,,77.0,,,,,,34.0,72.0,,,,62.0,,,,,,,,,,,,,,,,
Trinity International University,302,,,,,,,,,,,,,,,,,,,,,,,,,,,,,,,,,,,,,,,,,,,,,,,,,,,,,,,,,,,,,,,,,,,,,,96.0,,,,,,,,,,,
Tufts University,83,,,,42.0,,,85.0,,38.0,43.0,,,45.0,20.0,,,41.0,68.0,51.0,50.0,,85.0,70.0,,,80.0,,29.0,,107.0,36.0,,53.0,4.0,,,29.0,,,,,108.0,,59.0,29.0,,,,,,,92.0,67.0,26.0,51.0,,13.0,,24.0,22.0,,,73.0,39.0,64.0,,57.0,63.0,37.0,77.0,,90.0,,,,,,,,24.0,36.0
Tulane University,110,35.0,,,46.0,,,48.0,51.0,35.0,,,102.0,,35.0,19.0,63.0,64.0,77.0,,63.0,,,,,22.0,106.0,,,,,69.0,,,31.0,29.0,16.0,,63.0,,,,57.0,,50.0,,,,,58.0,69.0,,78.0,,32.0,110.0,,,,,24.0,56.0,,57.0,52.0,36.0,,84.0,101.0,17.0,,44.0,101.0,,21.0,,,,40.0,,,
Uniformed Services University of the Health Sciences,222,,,,,,,,,,,,,,,,,,,,,,,,,,,,,,,,,,,,,,,,,,,,,,,,,,,,,,100.0,,,,115.0,,77.0,,,,,95.0,,,,,,,,,,,,,,,,
Union Theological Seminary in the City of New York,27,,,,,,,,,,,,,,,,,,,,,,,,,,,,,,,,,,,,,,,,,,,,,,,,,,,,,,,,,,,,,,,,,,,,,,,,,,,,,,,2.0,,
"University at Albany, State University of New York",115,95.0,,,,,,63.0,,58.0,,17.0,,50.0,,46.0,,,154.0,,,,,111.0,9.0,,61.0,10.0,,56.0,,68.0,,,29.0,46.0,50.0,,35.0,,,47.0,,,118.0,,,12.0,,76.0,65.0,,102.0,,,58.0,,,,,,,,86.0,66.0,,,70.0,99.0,47.0,,25.0,29.0,,,,60.0,9.0,76.0,,51.0,
"University at Buffalo, State University of New York",79,34.0,31.0,,41.0,,,54.0,41.0,,,,118.0,55.0,28.0,14.0,57.0,45.0,85.0,33.0,36.0,22.0,47.0,66.0,37.0,,83.0,33.0,,28.0,51.0,23.0,,43.0,,,17.0,59.0,28.0,,,18.0,76.0,20.0,61.0,,14.0,23.0,37.0,47.0,16.0,,72.0,37.0,50.0,33.0,,,54.0,32.0,26.0,22.0,5.0,55.0,75.0,18.0,,63.0,36.0,,,58.0,95.0,,36.0,,,,59.0,,38.0,
"University of Akron, The",271,98.0,,,77.0,,,104.0,,,,,,186.0,34.0,,,99.0,98.0,111.0,74.0,,119.0,206.0,87.0,,141.0,93.0,,,148.0,185.0,,,,90.0,,122.0,113.0,,,,138.0,31.0,171.0,,,,,67.0,94.0,50.0,197.0,98.0,,167.0,,,89.0,62.0,,,,171.0,117.0,,,137.0,69.0,,,107.0,98.0,,,,114.0,,,,49.0,
"University of Alabama at Birmingham, The",181,114.0,,,,,,143.0,,104.0,,,77.0,49.0,32.0,39.0,61.0,,188.0,144.0,,,121.0,99.0,91.0,,188.0,,,,155.0,186.0,,116.0,20.0,,29.0,58.0,110.0,,,,,,163.0,70.0,,30.0,,121.0,96.0,65.0,137.0,160.0,33.0,153.0,,55.0,,41.0,52.0,25.0,,104.0,159.0,58.0,,168.0,131.0,10.0,,94.0,133.0,,,,,,69.0,,,
"University of Alabama in Huntsville, The",255,,43.0,,,,,,,,,34.0,,174.0,,,,,,138.0,,,92.0,174.0,,,,,,,110.0,,,111.0,,,,,,,,,,,,,33.0,,,,,,187.0,115.0,,,,,,,,,,,153.0,,,,,,,,,,,,,,,,,
"University of Alabama, The",201,41.0,55.0,,80.0,,,107.0,,106.0,84.0,,,102.0,,,,115.0,86.0,115.0,92.0,34.0,88.0,152.0,48.0,,135.0,67.0,,32.0,125.0,94.0,,97.0,,,,27.0,47.0,,,83.0,113.0,,160.0,46.0,,40.0,,88.0,59.0,78.0,125.0,116.0,,81.0,,,60.0,56.0,,,,122.0,156.0,,,142.0,120.0,,88.0,46.0,,,,21.0,,,63.0,,,
University of Alaska Fairbanks,281,89.0,,,,,,106.0,,,,16.0,146.0,131.0,,,,,169.0,102.0,,,132.0,165.0,,,189.0,,75.0,,127.0,183.0,,61.0,,56.0,,,,,24.0,,62.0,,170.0,71.0,,,,,,,171.0,130.0,,146.0,36.0,,,,,,,,104.0,,,126.0,230.0,,,,143.0,,,,80.0,,91.0,,,
"University of Arizona, The",58,14.0,30.0,13.0,51.0,,18.0,21.0,57.0,72.0,24.0,22.0,45.0,,37.0,36.0,50.0,51.0,45.0,21.0,53.0,,50.0,44.0,22.0,7.0,32.0,14.0,,6.0,60.0,48.0,1.0,23.0,,12.0,35.0,,32.0,,,8.0,32.0,,41.0,,23.0,20.0,19.0,61.0,23.0,44.0,45.0,43.0,47.0,46.0,25.0,16.0,6.0,18.0,,60.0,22.0,20.0,53.0,57.0,,65.0,49.0,26.0,39.0,,20.0,9.0,28.0,17.0,,23.0,,,32.0,4.0
University of Arkansas,209,33.0,,32.0,49.0,16.0,38.0,110.0,,107.0,,,108.0,94.0,56.0,,,96.0,123.0,96.0,,57.0,134.0,167.0,70.0,,117.0,,,,159.0,100.0,27.0,71.0,,28.0,,65.0,58.0,20.0,,,139.0,24.0,149.0,60.0,34.0,,,54.0,40.0,,161.0,94.0,,129.0,,,111.0,,,,,97.0,154.0,,22.0,178.0,137.0,,,102.0,166.0,10.0,,,,,,,,
University of Arkansas at Little Rock,236,,,,,,,,,,,,,,,,,,,,,,,,,,,,,,,,,,,,,,,,,,,,,,,31.0,,,,,,,,,,,,,,,,,,,,,,,,,,,,,,,,,,
University of Arkansas for Medical Sciences,284,,,,,,,,,,,,135.0,,,,,,,,,52.0,,,,,,,,,,,,,,,,,,,,,,,,,,,,,,,,,104.0,,,71.0,,,,91.0,,,,103.0,,,,,,,,,,,,,,,,
"University of California, Berkeley",5,,,0.0,2.0,,,2.0,3.0,1.0,1.0,4.0,,3.0,0.0,,10.0,1.0,1.0,2.0,1.0,,,1.0,,3.0,6.0,,2.0,,3.0,4.0,,4.0,,4.0,,,,,,0.0,2.0,,1.0,,1.0,0.0,6.0,,,0.0,4.0,2.0,,6.0,,,,1.0,,,,2.0,2.0,,,2.0,4.0,4.0,,0.0,1.0,,4.0,,2.0,,7.0,,1.0,
"University of California, Davis",43,,28.0,2.0,18.0,,6.0,15.0,,49.0,,,17.0,,48.0,,30.0,28.0,43.0,13.0,45.0,,27.0,48.0,,2.0,35.0,,35.0,,48.0,35.0,4.0,17.0,6.0,17.0,,17.0,,0.0,,,34.0,,27.0,21.0,,,45.0,75.0,,32.0,47.0,32.0,53.0,48.0,6.0,22.0,71.0,0.0,12.0,12.0,,37.0,47.0,42.0,0.0,34.0,57.0,40.0,,,43.0,,31.0,,18.0,,18.0,,,15.0
"University of California, Irvine",55,,26.0,,,,,51.0,,34.0,45.0,,81.0,,47.0,,31.0,39.0,28.0,25.0,30.0,,14.0,42.0,,24.0,55.0,,40.0,,36.0,21.0,,29.0,,,26.0,,,,,,65.0,,45.0,,,4.0,,51.0,,38.0,42.0,27.0,22.0,94.0,,24.0,100.0,,2.0,8.0,28.0,21.0,59.0,40.0,,56.0,54.0,67.0,,,31.0,,15.0,,39.0,,,,23.0,
"University of California, Los Angeles",9,,5.0,,19.0,,,14.0,4.0,8.0,25.0,6.0,27.0,5.0,,6.0,2.0,15.0,15.0,12.0,13.0,,,8.0,,12.0,13.0,,5.0,,7.0,12.0,,12.0,0.0,,6.0,,,,,6.0,7.0,,12.0,,,3.0,4.0,17.0,,11.0,13.0,8.0,18.0,11.0,,6.0,10.0,,,21.0,,6.0,15.0,11.0,,10.0,13.0,13.0,,1.0,8.0,,10.0,,12.0,,14.0,,5.0,
"University of California, Merced",232,,,,,,,,,,,,,,,,84.0,,158.0,,,,,,,36.0,,,,,,,,,,60.0,,,,,,,,,,,,39.0,,,,,128.0,,,,,,,,,,,,102.0,,,119.0,150.0,,,,131.0,,,,,,,,,
"University of California, Riverside",91,,,,50.0,,,78.0,,60.0,53.0,,33.0,16.0,,,68.0,70.0,63.0,,,,36.0,77.0,,,77.0,,38.0,,68.0,62.0,5.0,49.0,,42.0,,,,,,,42.0,,52.0,,,,,,,,59.0,79.0,46.0,76.0,,51.0,,,,,,51.0,61.0,,3.0,66.0,82.0,,49.0,,59.0,,30.0,,54.0,,55.0,,,
"University of California, San Diego",19,,25.0,,27.0,,,38.0,,,,,18.0,20.0,,,,,29.0,,,,17.0,21.0,,,15.0,,,,18.0,,,,,,,,,,,,,,23.0,,,,15.0,53.0,,,29.0,19.0,,15.0,,,,,,13.0,23.0,25.0,23.0,,,11.0,6.0,,,,25.0,,,,,,6.0,,,
"University of California, San Francisco",12,,,,24.0,,,41.0,,,,,8.0,,24.0,40.0,0.0,,,,,,,,,,,,,,,,,,,,37.0,55.0,,,,,,,39.0,,,,,,,,,,34.0,,,,0.0,,,2.0,3.0,,,16.0,,,,1.0,,,39.0,,,,,,,,,
"University of California, Santa Barbara",26,,,,,,,27.0,29.0,18.0,,,25.0,,,,34.0,8.0,19.0,,31.0,,4.0,27.0,,9.0,34.0,,11.0,,13.0,19.0,,,,20.0,,,,,,2.0,20.0,,33.0,,,,35.0,,,1.0,31.0,17.0,,19.0,,,,,,,,35.0,12.0,,,42.0,34.0,,7.0,,38.0,,8.0,,25.0,,25.0,,,
"University of California, Santa Cruz",65,,,,65.0,,,35.0,,40.0,10.0,,72.0,,45.0,,38.0,,65.0,,,,51.0,57.0,,29.0,66.0,,33.0,,71.0,,,,,39.0,,,,,,,25.0,,69.0,,,,12.0,,,,50.0,,101.0,59.0,,,,,,,,88.0,26.0,,,61.0,65.0,,,,42.0,,38.0,,49.0,,,,,
University of Central Florida,243,75.0,47.0,,,,,136.0,,,,,,166.0,,,,,210.0,88.0,,50.0,,90.0,,,170.0,,,,104.0,182.0,,79.0,,,,,101.0,,,,,,190.0,,40.0,,,45.0,63.0,70.0,147.0,92.0,,,,,93.0,,,,,177.0,139.0,,,154.0,153.0,,,88.0,172.0,,,,86.0,,,,,
"University of Chicago, The",6,,,,,,,0.0,,7.0,6.0,,6.0,1.0,,,6.0,,6.0,,6.0,,,22.0,,0.0,5.0,,,,,7.0,,,,,20.0,,,,,,11.0,17.0,6.0,0.0,,,17.0,,,16.0,2.0,,0.0,3.0,,11.0,,,0.0,4.0,,13.0,6.0,3.0,,6.0,20.0,,,2.0,2.0,,,,5.0,,,,,
"University of Cincinnati, The",109,64.0,19.0,,,,,80.0,,,,,36.0,53.0,31.0,20.0,48.0,,91.0,29.0,15.0,24.0,72.0,,,,128.0,,25.0,,82.0,96.0,,28.0,23.0,25.0,15.0,87.0,49.0,,,61.0,64.0,,70.0,,,,,24.0,34.0,58.0,112.0,73.0,37.0,,,,51.0,49.0,11.0,1.0,37.0,82.0,86.0,78.0,,74.0,90.0,18.0,,68.0,66.0,,,,,,,,37.0,
University of Colorado Boulder,46,49.0,22.0,,35.0,,,77.0,55.0,41.0,18.0,14.0,53.0,32.0,,,25.0,32.0,66.0,28.0,34.0,9.0,32.0,50.0,18.0,27.0,69.0,54.0,20.0,18.0,45.0,82.0,,37.0,,32.0,,21.0,65.0,,,13.0,28.0,,67.0,,,,26.0,57.0,50.0,43.0,63.0,54.0,,45.0,5.0,37.0,,,,,,56.0,35.0,20.0,,62.0,59.0,,29.0,,62.0,,37.0,,,33.0,29.0,,13.0,
University of Colorado Denver,215,108.0,,,,,,101.0,42.0,,,,42.0,65.0,61.0,27.0,64.0,,196.0,108.0,,,142.0,145.0,,,158.0,,66.0,,111.0,173.0,,,38.0,44.0,34.0,,102.0,,,64.0,,14.0,136.0,62.0,,,,147.0,85.0,,178.0,143.0,82.0,,,,,,75.0,40.0,43.0,155.0,65.0,23.0,,68.0,188.0,60.0,,,147.0,,,,78.0,,,,,
University of Colorado at Colorado Springs,269,,61.0,,,,,,,,,,,,,,,,,,,,93.0,159.0,,,,,,,129.0,,,,,,,,,,,,,,,,,,,,,,,137.0,,,,,,,,,,,,,,,156.0,,,,,,,,,,,,,
University of Connecticut,108,39.0,,21.0,72.0,,26.0,71.0,,67.0,,,,,46.0,,55.0,62.0,114.0,55.0,67.0,21.0,64.0,75.0,27.0,33.0,119.0,50.0,,20.0,63.0,78.0,,51.0,,51.0,,31.0,67.0,,,51.0,,,75.0,33.0,,,7.0,33.0,32.0,59.0,73.0,59.0,,56.0,31.0,30.0,25.0,12.0,,,40.0,60.0,91.0,33.0,,108.0,61.0,,,63.0,65.0,,,,42.0,,,,,13.0
University of Dallas,230,,,,,,,,,,,,,,,,,,,,,,,,,,,,,,,129.0,,,,,,,,,,,,,,,,,,,,,,,,,,,,,,,,180.0,,,,152.0,,,,,,,,,,,,,,
University of Dayton,337,120.0,63.0,,,,,163.0,,,,,,125.0,,,,123.0,207.0,92.0,,,87.0,201.0,,,187.0,116.0,,,118.0,191.0,,67.0,,,,111.0,125.0,,,,150.0,60.0,182.0,68.0,,,,139.0,118.0,76.0,218.0,99.0,,141.0,,,,79.0,,,,172.0,190.0,,,182.0,219.0,,90.0,105.0,168.0,,,,,47.0,,,,
University of Delaware,120,100.0,,35.0,,,44.0,73.0,,21.0,67.0,,90.0,56.0,25.0,,,9.0,74.0,50.0,,,28.0,101.0,,,95.0,,53.0,,39.0,64.0,29.0,54.0,,,,39.0,93.0,38.0,,20.0,48.0,49.0,63.0,42.0,,60.0,30.0,134.0,,10.0,95.0,36.0,,111.0,29.0,,82.0,66.0,,,,102.0,113.0,94.0,,102.0,74.0,,,,77.0,16.0,,,59.0,,11.0,,45.0,
University of Denver,88,,,,,,,,,,80.0,,133.0,151.0,,,,,165.0,,,,,142.0,,,,,,,136.0,55.0,,,,,,,,,,65.0,,,,,,,,,,69.0,167.0,74.0,,,,,,,,,,,121.0,,,,60.0,,,29.0,,,,,,,,,,
University of Detroit Mercy,167,,,,,,,,,,,,,,,,,,,,,,,,,,,,,,,,,,,,,,,,,,,,,,,,,,,,,,,,,,,,,,,,,,,,225.0,,,,,,,,,,,,,
University of Florida,93,13.0,32.0,16.0,38.0,3.0,13.0,33.0,23.0,63.0,29.0,,56.0,34.0,33.0,33.0,54.0,31.0,34.0,22.0,40.0,10.0,49.0,53.0,26.0,25.0,37.0,2.0,,10.0,47.0,54.0,25.0,25.0,18.0,26.0,21.0,16.0,9.0,27.0,13.0,33.0,71.0,11.0,53.0,20.0,9.0,29.0,41.0,10.0,4.0,23.0,62.0,39.0,64.0,104.0,24.0,46.0,30.0,27.0,19.0,65.0,,71.0,48.0,71.0,16.0,64.0,25.0,21.0,36.0,,64.0,6.0,43.0,6.0,17.0,6.0,54.0,,20.0,24.0
University of Georgia,95,20.0,,37.0,76.0,19.0,29.0,58.0,,61.0,41.0,,71.0,,,15.0,41.0,,61.0,,56.0,31.0,,88.0,10.0,8.0,88.0,19.0,6.0,2.0,,65.0,21.0,,14.0,,25.0,22.0,23.0,23.0,19.0,21.0,67.0,15.0,65.0,15.0,,,,26.0,27.0,,49.0,,15.0,83.0,20.0,,,39.0,63.0,29.0,29.0,80.0,55.0,35.0,15.0,55.0,55.0,33.0,40.0,31.0,50.0,18.0,,9.0,48.0,30.0,46.0,,,25.0
University of Hartford,144,,,,,,,,,,,,,,,,,,,,,,,,,,,,,,,,,,,,,,,,,,,,,,,,,,,,,,,,,,,,,,,,,,,,,,,,,,,,,52.0,,,,
University of Hawaii,135,105.0,,,74.0,,47.0,55.0,,77.0,15.0,8.0,83.0,38.0,,,37.0,,82.0,66.0,80.0,64.0,,117.0,38.0,,99.0,8.0,39.0,17.0,81.0,92.0,,63.0,,31.0,,95.0,,33.0,,30.0,33.0,,85.0,,,35.0,31.0,72.0,77.0,,117.0,78.0,11.0,106.0,35.0,,43.0,48.0,6.0,,,62.0,31.0,59.0,,89.0,127.0,56.0,32.0,26.0,75.0,,48.0,43.0,,2.0,35.0,,18.0,
University of Houston,129,45.0,,,54.0,,,,,,,39.0,109.0,83.0,42.0,,,40.0,93.0,70.0,93.0,,77.0,73.0,36.0,,58.0,,,42.0,85.0,75.0,,85.0,,,,47.0,34.0,,,,107.0,,105.0,48.0,32.0,49.0,,49.0,13.0,,113.0,71.0,,65.0,,,,,,81.0,,,115.0,,,78.0,83.0,,,60.0,114.0,,51.0,,,,,,,
University of Idaho,266,79.0,,38.0,67.0,,39.0,164.0,,,,,,71.0,65.0,,,114.0,178.0,97.0,,,95.0,166.0,82.0,,181.0,103.0,,37.0,146.0,164.0,32.0,,,,,,,28.0,4.0,38.0,70.0,29.0,196.0,,,,,,,71.0,119.0,133.0,,145.0,,,,,,,,160.0,193.0,,,134.0,180.0,,,,178.0,27.0,,,90.0,37.0,52.0,,,32.0
University of Illinois at Chicago,75,55.0,,,63.0,,,61.0,15.0,37.0,,,30.0,40.0,,31.0,8.0,58.0,62.0,46.0,55.0,,35.0,78.0,20.0,,59.0,25.0,,39.0,67.0,34.0,,,35.0,55.0,28.0,32.0,51.0,,,,102.0,,43.0,12.0,37.0,,50.0,38.0,,60.0,51.0,55.0,10.0,68.0,,,8.0,,17.0,11.0,16.0,38.0,58.0,13.0,,86.0,53.0,38.0,,18.0,46.0,,44.0,27.0,51.0,,,,22.0,
University of Illinois at Urbana-Champaign,22,12.0,6.0,4.0,13.0,5.0,2.0,20.0,13.0,33.0,11.0,9.0,4.0,6.0,,,11.0,5.0,11.0,10.0,26.0,,2.0,11.0,1.0,,21.0,6.0,,0.0,10.0,26.0,0.0,10.0,,10.0,,12.0,8.0,8.0,,7.0,12.0,3.0,26.0,23.0,4.0,10.0,14.0,,,8.0,32.0,9.0,5.0,18.0,18.0,,,11.0,18.0,,,45.0,13.0,8.0,,20.0,7.0,,25.0,10.0,28.0,,11.0,1.0,16.0,,13.0,,15.0,5.0
"University of Iowa, The",40,4.0,,,,,,66.0,,47.0,42.0,,46.0,17.0,41.0,9.0,9.0,80.0,58.0,20.0,46.0,2.0,12.0,58.0,23.0,,22.0,28.0,,,19.0,15.0,,24.0,7.0,,11.0,28.0,13.0,,,16.0,68.0,16.0,34.0,,20.0,,40.0,23.0,24.0,,52.0,33.0,25.0,31.0,,,22.0,,13.0,7.0,7.0,44.0,110.0,17.0,,28.0,28.0,31.0,24.0,22.0,34.0,,35.0,,27.0,,9.0,,,
"University of Kansas, The",94,,38.0,,,,,83.0,70.0,29.0,56.0,,65.0,,,55.0,24.0,97.0,57.0,73.0,49.0,1.0,,109.0,32.0,23.0,53.0,22.0,,27.0,87.0,57.0,,64.0,,,,41.0,,,,29.0,51.0,25.0,64.0,,,,44.0,,,,87.0,102.0,14.0,52.0,,,28.0,23.0,40.0,64.0,14.0,49.0,124.0,80.0,,81.0,41.0,46.0,41.0,17.0,51.0,,26.0,4.0,,4.0,41.0,,33.0,
University of Kentucky,151,44.0,,23.0,26.0,,23.0,68.0,32.0,,54.0,,76.0,46.0,49.0,42.0,,63.0,80.0,103.0,84.0,,67.0,94.0,43.0,,68.0,52.0,,33.0,90.0,106.0,17.0,,12.0,24.0,52.0,104.0,53.0,37.0,28.0,31.0,98.0,,92.0,52.0,,53.0,,46.0,45.0,63.0,80.0,62.0,70.0,60.0,,40.0,29.0,46.0,70.0,47.0,6.0,83.0,89.0,74.0,9.0,54.0,86.0,41.0,,67.0,58.0,21.0,41.0,23.0,69.0,34.0,,,,23.0
University of Louisiana at Lafayette,345,144.0,,,,,,171.0,81.0,,,,,143.0,,,91.0,127.0,217.0,132.0,,47.0,81.0,104.0,95.0,38.0,196.0,121.0,72.0,,62.0,170.0,,113.0,,99.0,,130.0,138.0,,,85.0,154.0,57.0,194.0,,43.0,62.0,,154.0,121.0,85.0,176.0,170.0,108.0,161.0,,,113.0,54.0,,,,181.0,213.0,,,175.0,222.0,,,,186.0,,,50.0,107.0,59.0,92.0,,53.0,
"University of Louisiana at Monroe, The",366,110.0,,,,,,,,,,,,192.0,,,,,,,,,,211.0,74.0,,198.0,,,,,192.0,,,,,,131.0,134.0,,,,,,199.0,,,,,,134.0,,206.0,,,152.0,,,139.0,,,,9.0,,,,,186.0,,,,,187.0,,,,,,,,,
University of Louisville,257,127.0,,,,,,137.0,,94.0,75.0,,116.0,109.0,76.0,54.0,,110.0,164.0,112.0,97.0,,107.0,195.0,,,178.0,98.0,,61.0,128.0,71.0,,99.0,,,18.0,83.0,126.0,,,79.0,159.0,,152.0,,45.0,,,94.0,83.0,,201.0,150.0,71.0,108.0,,65.0,95.0,,56.0,83.0,,140.0,135.0,84.0,,151.0,133.0,29.0,,65.0,161.0,,,39.0,,,75.0,,31.0,
"University of Maine, The",245,,,,40.0,,41.0,113.0,,,48.0,,,107.0,,,,76.0,118.0,77.0,99.0,66.0,106.0,71.0,,18.0,168.0,,55.0,,151.0,171.0,,73.0,,22.0,,,,42.0,12.0,,88.0,,128.0,,,,,,,,164.0,138.0,,,,,127.0,64.0,,,,161.0,112.0,,,136.0,138.0,,,73.0,123.0,22.0,,,96.0,,,,,43.0
"University of Maryland Baltimore, The",84,,,,,,,,,,,,,,,,,,,,,,,,,,,,,,,,,,,,,,,,,,,,,,,,,,,,,,,,,,62.0,,,,,,,,,,,,,47.0,,,,,,,,,,
University of Maryland Eastern Shore,309,,,,,21.0,,,,,,,,,,,,,,,,,,,,,,,,,,,,,,,,,,39.0,,,,,,,,,,,,,,,,,,,,,,,,,,,,,,,,,,,,,,,,,,
"University of Maryland, Baltimore County",182,,,,,,,147.0,,,,,134.0,104.0,,,,77.0,161.0,,,,,118.0,,,125.0,,47.0,,106.0,172.0,,78.0,,87.0,,,,,,68.0,,,126.0,,,,63.0,,,,103.0,66.0,,147.0,,,,,,,,108.0,167.0,,,123.0,170.0,,,70.0,116.0,,,,63.0,,77.0,,,
"University of Maryland, College Park",42,18.0,9.0,1.0,44.0,,30.0,87.0,40.0,43.0,16.0,15.0,54.0,25.0,,21.0,47.0,27.0,51.0,41.0,39.0,,3.0,19.0,16.0,,23.0,18.0,,,16.0,44.0,6.0,41.0,,33.0,40.0,4.0,15.0,21.0,,36.0,40.0,,36.0,13.0,,17.0,8.0,6.0,9.0,37.0,23.0,30.0,,47.0,,,,7.0,,,,26.0,25.0,,,38.0,29.0,19.0,14.0,,48.0,,,,,,53.0,,21.0,9.0
University of Massachusetts Amherst,56,29.0,,24.0,,,11.0,31.0,34.0,54.0,17.0,,23.0,22.0,,,,24.0,52.0,37.0,51.0,18.0,16.0,23.0,21.0,,44.0,29.0,,,29.0,40.0,20.0,45.0,34.0,58.0,,8.0,86.0,3.0,,,75.0,10.0,66.0,,27.0,,2.0,66.0,25.0,13.0,70.0,58.0,38.0,70.0,26.0,43.0,49.0,70.0,,,,17.0,33.0,,,59.0,35.0,39.0,,,37.0,17.0,,,62.0,,31.0,,16.0,14.0
University of Massachusetts Boston,251,112.0,,,,,,105.0,,,,,,119.0,,,,,179.0,,77.0,,,168.0,76.0,,146.0,92.0,,,,147.0,,,,,,96.0,97.0,,,,,,96.0,49.0,,,43.0,131.0,132.0,,127.0,,,,,,52.0,,,,,113.0,170.0,,,107.0,161.0,,,,135.0,,,,,,,,,
University of Massachusetts Dartmouth,272,,,,,,,,,,,,,,,,,,193.0,,,,141.0,,,,,,,,167.0,,,,,,,,,,,,,,,,,,,,,,,,,,,,,,,,,,,,,,,,,,,,,,,,,,,
University of Massachusetts Lowell,292,125.0,,,,,,,,,,45.0,,182.0,,,,102.0,185.0,105.0,,,100.0,128.0,,,109.0,,42.0,,126.0,157.0,,94.0,22.0,92.0,,121.0,,,,,140.0,,189.0,,,,,140.0,,47.0,174.0,129.0,,84.0,,,96.0,72.0,,,,189.0,171.0,,,159.0,193.0,51.0,,,177.0,,,,,,,,,
University of Massachusetts Medical School,197,,,,,,,,,,,,101.0,,,,72.0,,,,,,,,,,,,,,,,,,,,,,,,,,,,,,,,,,,,,,,,,73.0,133.0,,46.0,,,,,,,,,,,,,,,,,,,,,
University of Memphis,239,73.0,,,,,,133.0,54.0,,,,,156.0,53.0,,,,186.0,113.0,,,127.0,113.0,81.0,,121.0,63.0,,46.0,154.0,184.0,,,,,,,62.0,,,,134.0,50.0,138.0,,,,,55.0,46.0,,155.0,158.0,,78.0,,,90.0,,,,,58.0,195.0,,,114.0,77.0,76.0,,101.0,117.0,,,,,,,,,
University of Miami,112,57.0,66.0,,,,,108.0,52.0,90.0,,32.0,93.0,24.0,52.0,,53.0,,109.0,49.0,42.0,,68.0,106.0,19.0,,91.0,,,21.0,80.0,76.0,,47.0,,,42.0,46.0,64.0,,,52.0,17.0,,62.0,,56.0,,,69.0,43.0,,97.0,91.0,63.0,,,,20.0,,,66.0,,68.0,105.0,14.0,,91.0,87.0,49.0,57.0,,99.0,,39.0,,,22.0,42.0,,52.0,
University of Michigan,14,,4.0,,,,,5.0,10.0,11.0,12.0,11.0,13.0,,5.0,8.0,22.0,17.0,26.0,9.0,7.0,,6.0,38.0,,6.0,14.0,,4.0,,17.0,17.0,,11.0,9.0,5.0,4.0,35.0,,,,,14.0,4.0,8.0,,2.0,8.0,21.0,,,17.0,15.0,7.0,19.0,13.0,4.0,,5.0,,20.0,26.0,4.0,12.0,11.0,24.0,,9.0,12.0,3.0,,4.0,5.0,,,,13.0,,8.0,,8.0,
"University of Minnesota, Twin Cities",33,7.0,11.0,,9.0,2.0,10.0,30.0,25.0,20.0,31.0,35.0,22.0,14.0,8.0,11.0,26.0,10.0,21.0,15.0,,,22.0,25.0,12.0,15.0,8.0,5.0,,9.0,23.0,25.0,7.0,19.0,13.0,,9.0,3.0,5.0,4.0,7.0,4.0,21.0,,19.0,,7.0,,23.0,4.0,8.0,28.0,25.0,18.0,,40.0,,20.0,15.0,22.0,,23.0,0.0,27.0,16.0,10.0,8.0,16.0,8.0,25.0,,11.0,21.0,2.0,20.0,,15.0,5.0,16.0,,,10.0
"University of Mississippi Medical Center, The",341,,,,,,,,,,,,100.0,,54.0,,,,,,,,,,,,,,,,,,,,,,,,,,,,,,,,,,,,,88.0,,,109.0,,,,99.0,,79.0,99.0,,,,99.0,,,,,,,,,,,,,,,,
"University of Mississippi, The",247,50.0,,,,,,157.0,,,89.0,,131.0,137.0,,,,116.0,192.0,82.0,73.0,51.0,,172.0,96.0,,118.0,84.0,,,92.0,114.0,,,,,,76.0,68.0,,,,142.0,30.0,103.0,,,45.0,,89.0,60.0,,173.0,166.0,,142.0,,,106.0,78.0,,62.0,12.0,121.0,175.0,,,116.0,126.0,,75.0,108.0,163.0,,,,,,,,,
University of Missouri,99,25.0,60.0,18.0,70.0,,14.0,52.0,61.0,,,47.0,78.0,51.0,,,,84.0,94.0,86.0,60.0,38.0,54.0,115.0,25.0,,63.0,27.0,,8.0,79.0,63.0,,86.0,,38.0,,60.0,43.0,11.0,22.0,44.0,91.0,35.0,94.0,19.0,42.0,33.0,,44.0,21.0,,37.0,95.0,28.0,96.0,22.0,,31.0,31.0,7.0,71.0,,89.0,80.0,51.0,,82.0,50.0,,47.0,50.0,83.0,19.0,52.0,10.0,38.0,,72.0,,,8.0
"University of Missouri - Kansas City, The",231,130.0,,,,,,,78.0,97.0,,,137.0,,,,60.0,,142.0,146.0,,,124.0,186.0,,,164.0,95.0,,34.0,169.0,178.0,,,,,,,105.0,,,,141.0,,177.0,,,,,59.0,103.0,,169.0,171.0,,53.0,,,67.0,,,87.0,10.0,164.0,183.0,,,132.0,203.0,,,62.0,97.0,,,,99.0,,10.0,,48.0,
University of Missouri - St. Louis,254,117.0,,,,,,,,99.0,77.0,,120.0,70.0,,,,,110.0,,,,,153.0,65.0,,144.0,,,,,143.0,,,,,,,121.0,,,,,,131.0,,,,,150.0,110.0,,145.0,,,114.0,,,61.0,,,,,116.0,172.0,,,139.0,211.0,,,49.0,72.0,,,,,,99.0,,,
"University of Montana, Missoula",273,115.0,,,,,,141.0,,,35.0,,152.0,85.0,,,89.0,,190.0,,85.0,61.0,145.0,205.0,78.0,37.0,182.0,9.0,,,,116.0,31.0,,43.0,68.0,,80.0,111.0,,21.0,60.0,104.0,39.0,130.0,,,,64.0,123.0,111.0,,188.0,,96.0,122.0,14.0,75.0,,,,,45.0,110.0,119.0,93.0,28.0,118.0,169.0,55.0,54.0,83.0,150.0,32.0,,,,56.0,79.0,,56.0,
University of Nebraska - Lincoln,134,52.0,,22.0,53.0,17.0,7.0,86.0,65.0,65.0,73.0,40.0,44.0,69.0,,,,111.0,70.0,80.0,70.0,26.0,84.0,85.0,,,72.0,43.0,,22.0,94.0,73.0,13.0,,,,,,50.0,24.0,,,87.0,,91.0,44.0,,,,52.0,35.0,73.0,88.0,84.0,,71.0,34.0,,,21.0,,,,74.0,82.0,,12.0,77.0,76.0,,52.0,,88.0,,,26.0,64.0,17.0,,,19.0,31.0
University of Nebraska Medical Center,142,,,,,,,,,,,,111.0,,,,80.0,,,,,,,,,,,,,,,,,,,,,,,,,,,,,,,,,,,,,,99.0,,,63.0,,,74.0,52.0,,,,53.0,,,,,,,,,,,,,,,,
University of Nebraska at Omaha,118,,,,,,,,,,,,,,,,,,,,,,,,,,,,,,,,,,,,,,,,,,,,,,,,,,,,,,,,,,,,,,,,,,,,215.0,,,,,,,,,,,,,
"University of Nevada, Las Vegas",270,121.0,,,,,,88.0,79.0,,71.0,,,158.0,,,,,167.0,90.0,,,105.0,187.0,58.0,,173.0,56.0,,58.0,124.0,121.0,,77.0,48.0,98.0,,99.0,78.0,,,,136.0,,121.0,,,,,133.0,95.0,,189.0,126.0,,118.0,,,97.0,50.0,,,,91.0,118.0,,,130.0,147.0,80.0,,84.0,151.0,,,,,,57.0,,,
"University of Nevada, Reno",248,,,27.0,,,,117.0,,108.0,,,121.0,99.0,85.0,,44.0,104.0,97.0,60.0,,,118.0,203.0,,,155.0,,50.0,,139.0,123.0,,48.0,,65.0,,,,,,59.0,55.0,,127.0,,,,,137.0,,86.0,129.0,121.0,36.0,102.0,43.0,,107.0,,21.0,80.0,,81.0,111.0,97.0,,164.0,111.0,86.0,,114.0,127.0,,,,72.0,,,,,35.0
University of New Hampshire,227,104.0,,,,,,115.0,,56.0,,,,84.0,,,81.0,109.0,129.0,84.0,,63.0,136.0,141.0,,,156.0,,62.0,,176.0,67.0,,,,,,120.0,116.0,,,74.0,90.0,33.0,76.0,36.0,,,,125.0,97.0,83.0,89.0,135.0,,88.0,40.0,,138.0,,,,,103.0,100.0,,,115.0,118.0,,,78.0,93.0,,,,,,87.0,,,
"University of New Mexico, The",133,102.0,,,,,,26.0,56.0,45.0,55.0,,73.0,57.0,,,56.0,88.0,76.0,74.0,,,73.0,72.0,,,143.0,,,,101.0,83.0,,,,,,38.0,92.0,,,67.0,59.0,22.0,60.0,,,,36.0,79.0,113.0,,76.0,111.0,103.0,105.0,,66.0,,,78.0,,,105.0,87.0,43.0,,73.0,128.0,,,,85.0,,22.0,,56.0,38.0,61.0,,39.0,
"University of New Orleans, The",228,118.0,,,,,,94.0,,,,,,138.0,,,,,127.0,149.0,,,,149.0,33.0,,151.0,39.0,,,180.0,128.0,,114.0,,88.0,,,60.0,,,94.0,158.0,,165.0,,,,,120.0,108.0,,154.0,163.0,,158.0,,,,,,,,185.0,181.0,,,76.0,178.0,,,,169.0,,,20.0,,,,,35.0,
University of North Carolina Charlotte,322,116.0,,,,,,121.0,58.0,102.0,,,,176.0,,,,,176.0,135.0,,,130.0,144.0,,,177.0,83.0,,,161.0,175.0,,112.0,,,,88.0,119.0,,,71.0,130.0,,169.0,,,,,135.0,102.0,,163.0,141.0,,156.0,,,114.0,,,,,173.0,194.0,,,166.0,190.0,90.0,63.0,112.0,142.0,,,25.0,89.0,53.0,64.0,,,
University of North Carolina Wilmington,333,,,,,,,,,,,,,177.0,,,,,,,,,,,,,,,,,,,,,,,,,,,,,,,,,,,,,,,,,,,,,,,,,,,,,,,,,,,,,,,,,,,,
University of North Carolina at Chapel Hill,39,,,,,,,32.0,,39.0,47.0,,38.0,21.0,40.0,7.0,29.0,,27.0,,12.0,,,24.0,,,36.0,,13.0,,,33.0,,16.0,,14.0,7.0,24.0,,,,15.0,47.0,0.0,21.0,,,16.0,28.0,,,,26.0,,31.0,35.0,,32.0,41.0,20.0,57.0,32.0,27.0,18.0,69.0,61.0,,27.0,39.0,12.0,11.0,15.0,12.0,,,,9.0,,,,10.0,
"University of North Carolina at Greensboro, The",168,135.0,,,,,,158.0,,,59.0,,132.0,157.0,,,,,189.0,,82.0,30.0,,178.0,45.0,,111.0,35.0,,,,80.0,,,,,,48.0,122.0,,,76.0,,21.0,129.0,18.0,,43.0,,124.0,92.0,,204.0,,,79.0,,,64.0,29.0,,,,109.0,137.0,,,160.0,73.0,59.0,26.0,71.0,149.0,,,,109.0,25.0,48.0,,,
"University of North Dakota, The",307,99.0,65.0,,,,,153.0,,,,38.0,156.0,77.0,,,,121.0,162.0,143.0,,59.0,,197.0,90.0,,150.0,108.0,,,179.0,168.0,,,,63.0,,110.0,83.0,,,75.0,97.0,,188.0,,,,,116.0,122.0,,210.0,139.0,,130.0,,26.0,39.0,73.0,28.0,93.0,,186.0,179.0,90.0,,174.0,202.0,,93.0,109.0,185.0,,,,,,,,,
University of North Texas,199,42.0,,,,,,145.0,,73.0,,,,112.0,,,,,119.0,,,,139.0,185.0,,,152.0,51.0,,52.0,162.0,153.0,,,,,,90.0,77.0,,,63.0,,,167.0,,,21.0,54.0,85.0,68.0,66.0,110.0,151.0,,14.0,,,,,,,,178.0,150.0,,,106.0,140.0,,71.0,97.0,139.0,,,,,29.0,,,,
University of North Texas Health Science Center at Fort Worth,268,,,,,,,,,,,,,,,,,,,,,,,,,,,,,,,,,,,,,,,,,,,,,,,,,,,,,,,,,76.0,,,,89.0,,,,88.0,,,,72.0,,,,,,,,,,,,
University of Northern Colorado,149,,,,,,,,,,,,162.0,136.0,,,,,211.0,,,,,,,,,78.0,,,,,,,,,,57.0,,,,,,9.0,,,,,,,,,191.0,,,,,,85.0,,,,,,,,,,163.0,,,,,,,,,,,,,
University of Notre Dame,80,71.0,46.0,,43.0,,,96.0,36.0,62.0,,,82.0,54.0,,,,25.0,64.0,32.0,61.0,,34.0,89.0,,,64.0,,,,34.0,37.0,,30.0,,,,,54.0,,,,80.0,,44.0,,,,,92.0,55.0,,34.0,52.0,,63.0,,,,,,,,31.0,76.0,,,50.0,85.0,,,,49.0,,,,50.0,,,3.0,,
University of Oklahoma,157,23.0,39.0,,55.0,,,82.0,,80.0,62.0,20.0,113.0,47.0,,45.0,66.0,54.0,107.0,53.0,98.0,42.0,80.0,96.0,47.0,,107.0,90.0,,45.0,109.0,118.0,,,27.0,54.0,49.0,75.0,,,,22.0,60.0,,84.0,54.0,30.0,48.0,52.0,,,64.0,107.0,96.0,84.0,55.0,,,129.0,63.0,69.0,,34.0,72.0,88.0,70.0,,95.0,115.0,22.0,,77.0,96.0,,,,,,,,,
University of Oregon,57,22.0,,,,,,42.0,18.0,51.0,,,,39.0,,,,,53.0,,32.0,37.0,,68.0,15.0,,79.0,30.0,,,,41.0,,,,13.0,,,20.0,,,17.0,24.0,,90.0,30.0,,,38.0,22.0,54.0,,64.0,,,62.0,,,,,,,,79.0,68.0,30.0,,60.0,23.0,,35.0,,47.0,,34.0,8.0,,32.0,37.0,,26.0,
University of Pennsylvania,11,3.0,,,23.0,,28.0,7.0,7.0,12.0,21.0,,10.0,11.0,,28.0,4.0,11.0,16.0,,9.0,,,10.0,,,9.0,0.0,8.0,,15.0,8.0,,,,3.0,32.0,,2.0,,,,31.0,,10.0,3.0,,15.0,5.0,9.0,2.0,9.0,12.0,6.0,7.0,7.0,,7.0,,,42.0,6.0,,34.0,10.0,7.0,,21.0,3.0,6.0,3.0,9.0,10.0,,,,11.0,0.0,,,3.0,6.0
University of Pittsburgh,48,9.0,,,58.0,,,34.0,45.0,25.0,40.0,44.0,,41.0,44.0,13.0,28.0,35.0,35.0,54.0,29.0,12.0,,32.0,24.0,,40.0,12.0,,,49.0,46.0,,56.0,8.0,,8.0,30.0,14.0,,,,74.0,6.0,55.0,1.0,12.0,2.0,32.0,7.0,5.0,54.0,46.0,61.0,74.0,23.0,,44.0,9.0,,68.0,41.0,18.0,7.0,50.0,32.0,,31.0,24.0,15.0,18.0,5.0,63.0,,12.0,,28.0,,12.0,,,
University of Rhode Island,170,,,7.0,,,48.0,140.0,,75.0,,23.0,,61.0,81.0,,75.0,103.0,104.0,76.0,,43.0,52.0,134.0,,,132.0,,31.0,,59.0,102.0,28.0,70.0,,,,100.0,,7.0,,,15.0,,141.0,56.0,58.0,32.0,,,,,146.0,75.0,,126.0,37.0,,24.0,45.0,,,26.0,166.0,92.0,,,177.0,135.0,,,,144.0,,,,75.0,,,,,41.0
University of Rochester,25,,,,,,,37.0,,22.0,19.0,,31.0,19.0,22.0,12.0,,44.0,17.0,,66.0,,11.0,14.0,35.0,,11.0,34.0,27.0,,24.0,27.0,,,32.0,52.0,24.0,,,,,,43.0,,20.0,,,,42.0,30.0,,,56.0,113.0,35.0,9.0,,34.0,13.0,,38.0,17.0,,42.0,14.0,29.0,,7.0,,23.0,51.0,,,,,,,1.0,,,,
University of San Diego,152,,,,,,,,,,,,,,,,,,,,,,,,,,,109.0,,,,,,,,,,,,,,,,,,,,,,,,,,,,,,,37.0,,,,,,,,,,,,,,,,,,,,,,,
University of South Alabama,121,,,,,,,,,,,,,,,,,,,,,,,,,,,,,,,,,,,,,,,,,,,,,,,,,,,,,,,,,,,,,,,,,,,,,,,,,,,,,,,,,
University of South Carolina,126,40.0,,,,,,98.0,,,63.0,,86.0,97.0,,25.0,69.0,78.0,83.0,93.0,,16.0,76.0,116.0,44.0,,78.0,46.0,17.0,25.0,76.0,89.0,,80.0,24.0,,31.0,34.0,30.0,,,32.0,79.0,8.0,86.0,,,55.0,,29.0,22.0,,77.0,104.0,111.0,77.0,,45.0,45.0,,15.0,48.0,,131.0,106.0,63.0,,69.0,72.0,14.0,76.0,45.0,84.0,,,,55.0,,,,,
"University of South Dakota, The",242,,,,,,,,,,,,,146.0,,,,,214.0,,,,,164.0,,,,,,,,159.0,,,,,,,,,,,,,,,,,,,,,,,,,,,,,,,,,,,,176.0,162.0,,,,,,,,,,,,,
University of South Florida,206,60.0,,,,,,124.0,66.0,78.0,,,,72.0,75.0,52.0,87.0,107.0,157.0,52.0,,40.0,62.0,130.0,52.0,39.0,100.0,53.0,,41.0,98.0,99.0,,58.0,30.0,,47.0,81.0,61.0,,,,106.0,,150.0,55.0,28.0,41.0,,,56.0,,135.0,119.0,75.0,97.0,,,48.0,,8.0,98.0,38.0,119.0,180.0,69.0,,125.0,81.0,64.0,79.0,39.0,148.0,,,34.0,82.0,49.0,88.0,,55.0,
University of Southern California,51,28.0,17.0,,,,,45.0,33.0,46.0,37.0,,85.0,78.0,30.0,,,47.0,48.0,27.0,22.0,,,35.0,,,57.0,,37.0,,22.0,31.0,,34.0,,,,10.0,26.0,,,,16.0,,32.0,,17.0,,24.0,48.0,20.0,34.0,61.0,25.0,62.0,27.0,,,,,67.0,54.0,19.0,48.0,62.0,25.0,,32.0,45.0,,20.0,24.0,30.0,,6.0,45.0,,,28.0,,,
"University of Southern Mississippi, The",308,133.0,,,,,,144.0,,,86.0,,141.0,161.0,,,,,136.0,,,,,200.0,72.0,,,113.0,,,,115.0,,,,,,,120.0,36.0,,96.0,149.0,,172.0,57.0,67.0,63.0,,142.0,133.0,67.0,213.0,,,124.0,,,101.0,36.0,,,,159.0,205.0,,,191.0,189.0,84.0,95.0,117.0,115.0,,,31.0,,54.0,43.0,,,
"University of Tennessee Health Science Center, The",185,,,,,,,,,,,,,,73.0,,,,,,,,,,,,,,,,,,,,,,,,,,,,,,,,,,,,,,,,,,,,,,,,,,,,,,,,,,,,,,,,,,,
"University of Tennessee at Chattanooga, The",370,,,,,,,,,,,,,,,,,,,,,,146.0,,,,,,,,,,,,,,,,,,,,,,,,,,,,,,,,,,,,,,,,,,,,,,,,,,,,,,,,,,,
"University of Tennessee, The",128,26.0,54.0,39.0,61.0,,35.0,72.0,,,57.0,,64.0,,78.0,,32.0,52.0,105.0,83.0,89.0,,,102.0,,20.0,103.0,32.0,,44.0,72.0,88.0,36.0,66.0,,,,26.0,40.0,17.0,27.0,41.0,83.0,,122.0,35.0,55.0,42.0,,63.0,41.0,45.0,79.0,105.0,44.0,131.0,,,26.0,6.0,,,,106.0,85.0,,27.0,129.0,107.0,42.0,59.0,42.0,94.0,23.0,,,66.0,,44.0,,,
University of Texas Arlington,233,61.0,40.0,,82.0,,,134.0,59.0,92.0,,,128.0,149.0,,,,,191.0,114.0,,,58.0,108.0,86.0,,139.0,117.0,,,66.0,101.0,,,,76.0,,123.0,80.0,,,,116.0,,186.0,,51.0,,,74.0,62.0,41.0,124.0,86.0,,120.0,,,75.0,,,,,149.0,168.0,,,144.0,157.0,,,41.0,137.0,,,,,,,,41.0,
"University of Texas Health Science Center at Houston, The",101,,,,,,,,,,,,59.0,66.0,,24.0,,,,,,,,,,,,,,,,,,,,80.0,45.0,85.0,,,,,,,,,,,,,,,,,45.0,,,39.0,36.0,,,44.0,,,,,,,,32.0,,,,,,,,,,,,
"University of Texas Health Science Center at San Antonio, The",196,,,,,,,,,,,,99.0,,,51.0,77.0,,,,,,,,,,,,,,,,,,,,58.0,,,,,,,,,,,,,,,,,,80.0,,,,80.0,,65.0,86.0,,,,56.0,,,,,,,,,,,,,,,,
"University of Texas Medical Branch, The",174,,,,,,,,,,,,107.0,,,,58.0,,,,,,,,,,,,,,,,,,,,,94.0,,,,,,,,,,,,,,,,,81.0,,,35.0,102.0,,5.0,50.0,,,,,,,,,,,,,,,,,,,,
University of Texas Rio Grande Valley,363,,,,,,,170.0,,,69.0,,,,,,,,,,,33.0,,210.0,92.0,,195.0,,57.0,,163.0,,,,,,,126.0,135.0,,,,,45.0,,,70.0,64.0,,151.0,127.0,,,,,,,,137.0,,,,,,198.0,,,,229.0,,,,,,,,,61.0,,,,
"University of Texas Southwestern Medical Center at Dallas, The",66,,,,,,,,,,,,60.0,,,,12.0,,,,,,,,,,,,,,,,,,,,,,,,,,,,,,,,,,,,,,41.0,,,42.0,,,3.0,30.0,,,,26.0,,,,,,,,,,,,,,,,
"University of Texas at Austin, The",32,11.0,12.0,,,,,22.0,38.0,44.0,13.0,,49.0,13.0,4.0,,40.0,13.0,13.0,11.0,21.0,8.0,9.0,13.0,7.0,,24.0,11.0,,5.0,21.0,29.0,,13.0,,15.0,,14.0,6.0,,,19.0,35.0,,25.0,6.0,,13.0,16.0,11.0,18.0,,18.0,29.0,,24.0,,17.0,17.0,15.0,,,13.0,24.0,22.0,,,35.0,22.0,,21.0,16.0,22.0,,17.0,3.0,,,23.0,,,
"University of Texas at Dallas, The",148,38.0,,,,,,,,91.0,,,,,67.0,,67.0,,122.0,,,35.0,,82.0,,,142.0,,,,77.0,134.0,,,,,,,39.0,,,,54.0,,155.0,,,,,83.0,15.0,80.0,130.0,117.0,,,,,,,,,,,131.0,,,155.0,,,,,,,,,,,,,,
"University of Texas at El Paso, The",321,107.0,,,,,,159.0,,96.0,,,,175.0,,,,,182.0,140.0,,,117.0,127.0,,,193.0,69.0,,62.0,150.0,176.0,,,,,,124.0,127.0,,,,95.0,,180.0,,65.0,,58.0,130.0,112.0,84.0,175.0,159.0,,148.0,,,110.0,,,,,175.0,197.0,,,162.0,152.0,85.0,,123.0,158.0,,,,,,98.0,,,
"University of Texas at San Antonio, The",299,81.0,,,,,,112.0,75.0,98.0,72.0,,,117.0,83.0,,,,151.0,124.0,94.0,,122.0,112.0,75.0,,172.0,89.0,,57.0,156.0,140.0,,96.0,,,,109.0,59.0,,,77.0,148.0,,132.0,,,,,71.0,57.0,,185.0,148.0,,157.0,,,,,,,,146.0,162.0,,,148.0,201.0,,,110.0,125.0,,,,,26.0,,,,
"University of Texas at Tyler, The",364,143.0,,,,,,169.0,,110.0,,,,198.0,,,,,216.0,141.0,,,,215.0,94.0,,190.0,119.0,73.0,,178.0,201.0,,,,,,125.0,140.0,,,98.0,,54.0,204.0,,,,,153.0,131.0,,217.0,173.0,,143.0,,,94.0,,,,,,,,,190.0,212.0,,,,180.0,,64.0,46.0,,,,,,
"University of Texas of the Permian Basin, The",368,,,,,,,,,,,,,188.0,,,,,,,,,,204.0,98.0,,,123.0,,,,,,,,,,133.0,,,,,160.0,,203.0,,,,,,,,159.0,,,,,,,,,,,,,,,,234.0,,,,,,,,,,,,,
"University of Toledo, The",265,119.0,,,64.0,,,161.0,,,61.0,,158.0,142.0,,,,89.0,173.0,130.0,,,,122.0,49.0,,175.0,77.0,,,141.0,174.0,,102.0,,75.0,,66.0,128.0,,,66.0,,,54.0,,48.0,,,110.0,101.0,,172.0,128.0,49.0,121.0,,68.0,69.0,,55.0,49.0,24.0,137.0,138.0,68.0,,167.0,149.0,43.0,,116.0,153.0,,53.0,18.0,85.0,,95.0,,47.0,
"University of Tulsa, The",244,,,,,,,,,,,,165.0,171.0,,,,67.0,219.0,,,,,192.0,,,,,,,,109.0,,,,,,,,,,,122.0,,,,,,,,,,212.0,144.0,,,,,,,,,,,,,,,196.0,,,,,,,,,,,,,
"University of Utah, The",90,37.0,,,21.0,,,65.0,30.0,85.0,58.0,12.0,41.0,33.0,,,,42.0,42.0,100.0,,20.0,31.0,40.0,,,87.0,17.0,60.0,29.0,58.0,47.0,,95.0,,,,56.0,18.0,,,34.0,39.0,,95.0,,,,53.0,41.0,29.0,51.0,39.0,56.0,,82.0,,47.0,21.0,34.0,73.0,20.0,1.0,87.0,77.0,,,128.0,58.0,,,33.0,69.0,,,11.0,,,19.0,,46.0,
"University of Vermont, The",192,,,,,,3.0,91.0,,88.0,74.0,46.0,29.0,60.0,,,33.0,,78.0,58.0,52.0,55.0,74.0,80.0,,31.0,113.0,104.0,45.0,,95.0,135.0,,,,66.0,,102.0,,32.0,,69.0,92.0,,143.0,32.0,,,59.0,,,,153.0,69.0,51.0,134.0,39.0,52.0,117.0,68.0,50.0,61.0,,76.0,149.0,31.0,,124.0,62.0,68.0,68.0,98.0,100.0,28.0,50.0,,102.0,,83.0,,,
University of Virginia,45,59.0,13.0,,,,,44.0,11.0,,22.0,,63.0,23.0,16.0,,17.0,26.0,54.0,36.0,20.0,,18.0,31.0,14.0,,30.0,38.0,,,31.0,14.0,,31.0,,45.0,,1.0,38.0,,,,,,22.0,,,,,40.0,64.0,27.0,35.0,21.0,40.0,41.0,,8.0,16.0,,23.0,31.0,,36.0,41.0,22.0,,39.0,17.0,53.0,9.0,,40.0,,25.0,12.0,35.0,24.0,,,12.0,
University of Washington,31,2.0,20.0,,15.0,,,24.0,17.0,30.0,23.0,3.0,11.0,10.0,,4.0,,33.0,23.0,24.0,16.0,,7.0,15.0,31.0,,31.0,,22.0,,26.0,28.0,,22.0,16.0,2.0,2.0,,12.0,,3.0,1.0,10.0,,29.0,,22.0,9.0,33.0,15.0,19.0,19.0,21.0,34.0,16.0,32.0,,,11.0,,59.0,10.0,17.0,59.0,20.0,4.0,,23.0,31.0,45.0,,6.0,17.0,,,19.0,6.0,,,,9.0,
University of Wisconsin - Madison,18,16.0,,3.0,6.0,1.0,1.0,18.0,,16.0,5.0,5.0,7.0,,7.0,1.0,3.0,6.0,12.0,17.0,23.0,4.0,8.0,9.0,0.0,,12.0,1.0,,1.0,20.0,20.0,2.0,14.0,,1.0,12.0,2.0,7.0,1.0,2.0,5.0,23.0,,11.0,11.0,8.0,5.0,11.0,8.0,11.0,18.0,17.0,13.0,1.0,25.0,,,2.0,2.0,1.0,,8.0,22.0,17.0,9.0,1.0,17.0,14.0,8.0,,3.0,6.0,1.0,16.0,2.0,8.0,,4.0,,7.0,0.0
University of Wisconsin - Milwaukee,169,97.0,,,,,,64.0,28.0,,,,115.0,88.0,,,,,111.0,101.0,,25.0,,140.0,60.0,,122.0,21.0,,14.0,117.0,74.0,,,,67.0,,72.0,44.0,,,27.0,119.0,,117.0,,53.0,26.0,55.0,99.0,58.0,56.0,148.0,89.0,,112.0,42.0,,50.0,,,,,107.0,60.0,,,93.0,84.0,78.0,,43.0,108.0,,49.0,35.0,,,3.0,,,
University of Wyoming,203,96.0,,25.0,,,31.0,95.0,80.0,,82.0,19.0,,,,,,93.0,79.0,122.0,76.0,48.0,57.0,98.0,,,71.0,,24.0,,91.0,152.0,,,,23.0,,77.0,118.0,,,45.0,37.0,,124.0,,,,,128.0,109.0,,81.0,114.0,,164.0,28.0,,87.0,,,,39.0,144.0,123.0,96.0,,189.0,129.0,,85.0,118.0,80.0,,,,61.0,57.0,90.0,,,33.0
University of the Incarnate Word,334,,,,,,,,,,,,,,,,,,,,,,,,,,,,74.0,,,,,,,,,,,,,,,,,,,,,,,,,,,,,,,,,,,,,,,,,,,,,,,,,,,,,
University of the Pacific,164,,,,,,,,,,,,,,,,,,,,,,,,,,,,,50.0,,,,,,,,,,,,,,,,,,,,,,,,,,,,,,,,,35.0,,,,,,,,,,,,,,,,,,,
University of the Sciences in Philadelphia,290,,,,,,,,,,,,150.0,178.0,,,,,180.0,,,,,,,,,,,,,,,,,,,,,,,,,,,,,,,,,,,,,,,,,,,,,,,,,,,63.0,,,,,,,,,,,,
Utah State University,241,77.0,57.0,,52.0,,43.0,160.0,,,,48.0,97.0,86.0,,,,,124.0,85.0,,29.0,96.0,176.0,17.0,,163.0,106.0,,,142.0,188.0,,75.0,,21.0,,,124.0,26.0,,,81.0,36.0,178.0,47.0,,,,132.0,,,162.0,125.0,,139.0,16.0,,,44.0,,,,176.0,143.0,,,173.0,164.0,,,89.0,138.0,15.0,,7.0,84.0,45.0,66.0,,,39.0
Vanderbilt University,100,,,,39.0,,,47.0,,69.0,52.0,,68.0,44.0,63.0,37.0,42.0,60.0,84.0,75.0,,14.0,69.0,95.0,8.0,32.0,52.0,3.0,,,93.0,50.0,,74.0,,43.0,,,41.0,,,,115.0,,58.0,22.0,,,,68.0,,,105.0,48.0,88.0,99.0,,,58.0,,76.0,59.0,,30.0,93.0,67.0,,51.0,56.0,,33.0,95.0,41.0,,32.0,0.0,,,68.0,6.0,,
Villanova University,143,,,,,,,,,,,,,,,,,,,,,,,,,,,,,,,,,,,,,,,,,,,,,,,,,,,,,,,,,,,,,,,138.0,,,,,,,,,,,,,,,,,,
Virginia Commonwealth University,195,67.0,,,66.0,,,,,31.0,,,145.0,145.0,57.0,22.0,,105.0,135.0,,,,103.0,170.0,66.0,,169.0,45.0,,,133.0,146.0,,,,,,45.0,89.0,,,,,,174.0,,,,,97.0,104.0,,194.0,142.0,85.0,123.0,,29.0,23.0,,,63.0,20.0,136.0,196.0,87.0,,161.0,130.0,30.0,,36.0,164.0,,,5.0,95.0,28.0,24.0,,,
Virginia Polytechnic Institute and State University,106,51.0,14.0,14.0,20.0,18.0,19.0,,21.0,84.0,,,52.0,64.0,51.0,,,46.0,87.0,30.0,,,40.0,64.0,,,42.0,,32.0,,55.0,158.0,19.0,35.0,,27.0,,49.0,33.0,19.0,8.0,80.0,29.0,,148.0,24.0,13.0,,,37.0,28.0,35.0,86.0,28.0,,144.0,1.0,,,8.0,,,,78.0,73.0,,21.0,104.0,89.0,,87.0,,111.0,7.0,,,47.0,18.0,67.0,,,34.0
Wake Forest University,237,,,,,,,130.0,,,,,123.0,75.0,80.0,48.0,,,141.0,,78.0,,,199.0,,,110.0,,63.0,,,130.0,,,,,38.0,105.0,,,,,,,116.0,,,,,,,,181.0,,58.0,109.0,,27.0,,,72.0,69.0,,117.0,107.0,82.0,,140.0,132.0,82.0,83.0,,105.0,,59.0,,,,100.0,34.0,,
Washington State University,132,58.0,,,57.0,11.0,15.0,67.0,74.0,,65.0,,,26.0,,,,85.0,92.0,91.0,,,,135.0,59.0,,85.0,70.0,,,100.0,131.0,9.0,81.0,,57.0,,,70.0,5.0,,,105.0,,151.0,53.0,,,,86.0,48.0,82.0,149.0,82.0,,155.0,11.0,,109.0,,,58.0,,,97.0,,4.0,94.0,145.0,,,,33.0,11.0,,,,,,,,12.0
Washington University in St. Louis,30,,21.0,,,,,36.0,20.0,24.0,,,15.0,15.0,13.0,18.0,14.0,71.0,40.0,,38.0,,13.0,43.0,,,26.0,,34.0,,14.0,43.0,,46.0,,,,0.0,,,,,26.0,,37.0,,,,,,,,27.0,50.0,2.0,43.0,,10.0,,,4.0,,,46.0,34.0,15.0,,13.0,30.0,44.0,,8.0,,,,,40.0,,,,,
Wayne State University,122,74.0,,,,,,74.0,,89.0,51.0,,39.0,68.0,38.0,,52.0,82.0,55.0,78.0,86.0,15.0,44.0,65.0,,,76.0,60.0,,,73.0,108.0,,87.0,,,,54.0,74.0,44.0,,,94.0,,101.0,,35.0,25.0,,,89.0,74.0,84.0,46.0,69.0,136.0,,,18.0,28.0,14.0,43.0,15.0,101.0,108.0,39.0,,97.0,103.0,,,54.0,89.0,,,,,43.0,36.0,,17.0,
Weill Medical College of Cornell University,162,,,,,,,,,,,,79.0,113.0,,,23.0,,,,,,,,,,,,,,,,,,,,,,,,,,,,,,,,,,,,,,56.0,,,62.0,,,80.0,79.0,,,,79.0,,,,73.0,,,,,,,,,,,,
Wesleyan University,69,,,,,,,,,,,,50.0,48.0,,,,,75.0,,,,,87.0,,,,,,,,,,,,,,,,,,,,,,,,,,,,,94.0,,,21.0,,,,,,,,,83.0,,,,,,,,,,,,,,,,,
West Virginia University,214,136.0,53.0,,,,20.0,167.0,,,,,112.0,91.0,,49.0,51.0,86.0,184.0,59.0,,44.0,,160.0,57.0,,112.0,,,,112.0,137.0,,57.0,28.0,,44.0,18.0,98.0,,25.0,73.0,133.0,27.0,158.0,,38.0,,62.0,106.0,100.0,,170.0,118.0,67.0,98.0,41.0,,57.0,47.0,,35.0,25.0,152.0,151.0,86.0,,131.0,67.0,,,100.0,174.0,31.0,,,100.0,55.0,,,,
Western Michigan University,277,126.0,56.0,,,,,92.0,,,,,,150.0,,,,108.0,138.0,137.0,,,109.0,129.0,53.0,,145.0,40.0,,,137.0,162.0,,,,,,107.0,129.0,,,84.0,109.0,59.0,147.0,37.0,68.0,,,126.0,99.0,,115.0,120.0,,115.0,,,84.0,,,,,129.0,177.0,,,117.0,100.0,,64.0,61.0,126.0,,63.0,33.0,71.0,50.0,74.0,,,
Westminster Theological Seminary,76,,,,,,,,,,,,,,,,,,,,,,,,,,,,,,,,,,,,,,,,,,,,,,,,,,,,,,,,,,,,,,,,,,,,,,27.0,,,,,,,,,9.0,,
Wichita State University,263,,68.0,,,,,,,,,,,,,,,,201.0,,,28.0,,177.0,,,,,,,160.0,,,,,,,,,,,,,,,,57.0,,,,,,143.0,146.0,,,,,,,,,,,,,,,197.0,,,,,,,,97.0,,,,,
Worcester Polytechnic Institute,219,,,,,,,,,,,,103.0,170.0,77.0,,,69.0,133.0,104.0,,,43.0,125.0,,,,,,,70.0,,,98.0,,,,,,,,,,,,,,,,,,,138.0,110.0,,,,,,,,,,,169.0,,,,,,,,,,,,,,,,,
Wright State University,173,,,,,,,,,,,,,167.0,,,,,,,,,131.0,155.0,,,,,,,,,,,,,,,,,,,,,,,,,,,,,,,,,,,,,,,,,,,,,176.0,,,,,,,,,,,,,
Yale University,7,,,,,,,4.0,2.0,2.0,8.0,,1.0,,10.0,3.0,7.0,21.0,7.0,,4.0,,,18.0,,1.0,4.0,,,,6.0,0.0,,27.0,1.0,11.0,1.0,,,,0.0,,8.0,,3.0,,,,10.0,25.0,,24.0,6.0,11.0,,1.0,,2.0,42.0,,33.0,5.0,,4.0,9.0,6.0,,5.0,2.0,16.0,0.0,,11.0,,2.0,,1.0,,,1.0,,
Yeshiva University,77,,,,,,,,,,,,,,,,,,,,,,,,,,,36.0,,,,,,,,,,,,,,,,,,,,,,,,,,,,,,,,,,,,,,,,,166.0,,58.0,35.0,,,,,,,,,,
,317,,,,,,,,,,,,144.0,,,,,,,,,,,,,,,,,,,,,,,,,,,,,,,,,,,,,,,,,,,,,,,,81.0,,,,,,,,184.0,,,,,,,,,,,,,
,312,,,,,,,,,,,,144.0,,,,,,,,,,,,,,,,,,,,,,,,,,,,,,,,,,,,,,,,,,,,,,,,81.0,,,,,,,,184.0,,,,,,,,,,,,,
